split_index,split_rank,cell_id,assignment
0,48297,b1c0,test
0,48297,b1c1,test
0,48297,b1c11,train
0,48297,b1c14,test
0,48297,b1c15,test
0,48297,b1c16,train
0,48297,b1c17,train
0,48297,b1c18,train
0,48297,b1c19,train
0,48297,b1c2,test
0,48297,b1c20,test
0,48297,b1c21,test
0,48297,b1c23,train
0,48297,b1c24,test
0,48297,b1c25,test
0,48297,b1c26,test
0,48297,b1c27,test
0,48297,b1c28,train
0,48297,b1c29,train
0,48297,b1c3,test
0,48297,b1c30,train
0,48297,b1c31,train
0,48297,b1c32,test
0,48297,b1c33,test
0,48297,b1c34,test
0,48297,b1c35,test
0,48297,b1c36,train
0,48297,b1c37,train
0,48297,b1c38,train
0,48297,b1c39,train
0,48297,b1c4,test
0,48297,b1c40,train
0,48297,b1c41,train
0,48297,b1c42,train
0,48297,b1c43,train
0,48297,b1c44,train
0,48297,b1c45,train
0,48297,b1c5,train
0,48297,b1c6,test
0,48297,b1c7,test
0,48297,b1c9,test
0,48297,b2c0,train
0,48297,b2c10,test
0,48297,b2c11,train
0,48297,b2c12,test
0,48297,b2c13,train
0,48297,b2c14,test
0,48297,b2c17,train
0,48297,b2c18,test
0,48297,b2c19,train
0,48297,b2c2,train
0,48297,b2c20,test
0,48297,b2c21,train
0,48297,b2c22,test
0,48297,b2c23,train
0,48297,b2c24,test
0,48297,b2c25,test
0,48297,b2c26,test
0,48297,b2c27,train
0,48297,b2c28,test
0,48297,b2c29,train
0,48297,b2c3,test
0,48297,b2c30,test
0,48297,b2c31,train
0,48297,b2c32,test
0,48297,b2c33,train
0,48297,b2c34,test
0,48297,b2c35,train
0,48297,b2c36,test
0,48297,b2c37,train
0,48297,b2c38,test
0,48297,b2c39,train
0,48297,b2c4,train
0,48297,b2c40,test
0,48297,b2c41,train
0,48297,b2c42,test
0,48297,b2c43,train
0,48297,b2c44,test
0,48297,b2c45,train
0,48297,b2c46,test
0,48297,b2c47,test
0,48297,b2c5,test
0,48297,b2c6,train
1,106382,b1c0,test
1,106382,b1c1,test
1,106382,b1c11,train
1,106382,b1c14,train
1,106382,b1c15,train
1,106382,b1c16,train
1,106382,b1c17,train
1,106382,b1c18,test
1,106382,b1c19,test
1,106382,b1c2,test
1,106382,b1c20,train
1,106382,b1c21,train
1,106382,b1c23,test
1,106382,b1c24,train
1,106382,b1c25,train
1,106382,b1c26,test
1,106382,b1c27,test
1,106382,b1c28,train
1,106382,b1c29,train
1,106382,b1c3,train
1,106382,b1c30,test
1,106382,b1c31,test
1,106382,b1c32,test
1,106382,b1c33,test
1,106382,b1c34,test
1,106382,b1c35,test
1,106382,b1c36,train
1,106382,b1c37,train
1,106382,b1c38,train
1,106382,b1c39,train
1,106382,b1c4,train
1,106382,b1c40,train
1,106382,b1c41,train
1,106382,b1c42,train
1,106382,b1c43,train
1,106382,b1c44,test
1,106382,b1c45,test
1,106382,b1c5,test
1,106382,b1c6,test
1,106382,b1c7,test
1,106382,b1c9,test
1,106382,b2c0,train
1,106382,b2c10,test
1,106382,b2c11,train
1,106382,b2c12,test
1,106382,b2c13,train
1,106382,b2c14,test
1,106382,b2c17,train
1,106382,b2c18,test
1,106382,b2c19,train
1,106382,b2c2,train
1,106382,b2c20,test
1,106382,b2c21,train
1,106382,b2c22,test
1,106382,b2c23,train
1,106382,b2c24,test
1,106382,b2c25,test
1,106382,b2c26,test
1,106382,b2c27,train
1,106382,b2c28,test
1,106382,b2c29,train
1,106382,b2c3,test
1,106382,b2c30,test
1,106382,b2c31,train
1,106382,b2c32,test
1,106382,b2c33,train
1,106382,b2c34,test
1,106382,b2c35,train
1,106382,b2c36,test
1,106382,b2c37,train
1,106382,b2c38,test
1,106382,b2c39,train
1,106382,b2c4,train
1,106382,b2c40,test
1,106382,b2c41,train
1,106382,b2c42,test
1,106382,b2c43,train
1,106382,b2c44,test
1,106382,b2c45,train
1,106382,b2c46,test
1,106382,b2c47,test
1,106382,b2c5,test
1,106382,b2c6,train
2,119335,b1c0,test
2,119335,b1c1,test
2,119335,b1c11,train
2,119335,b1c14,train
2,119335,b1c15,train
2,119335,b1c16,train
2,119335,b1c17,train
2,119335,b1c18,test
2,119335,b1c19,test
2,119335,b1c2,test
2,119335,b1c20,train
2,119335,b1c21,train
2,119335,b1c23,test
2,119335,b1c24,train
2,119335,b1c25,train
2,119335,b1c26,train
2,119335,b1c27,train
2,119335,b1c28,train
2,119335,b1c29,train
2,119335,b1c3,test
2,119335,b1c30,train
2,119335,b1c31,train
2,119335,b1c32,test
2,119335,b1c33,test
2,119335,b1c34,test
2,119335,b1c35,test
2,119335,b1c36,test
2,119335,b1c37,test
2,119335,b1c38,test
2,119335,b1c39,test
2,119335,b1c4,test
2,119335,b1c40,train
2,119335,b1c41,train
2,119335,b1c42,test
2,119335,b1c43,test
2,119335,b1c44,train
2,119335,b1c45,train
2,119335,b1c5,train
2,119335,b1c6,test
2,119335,b1c7,test
2,119335,b1c9,test
2,119335,b2c0,train
2,119335,b2c10,test
2,119335,b2c11,train
2,119335,b2c12,test
2,119335,b2c13,train
2,119335,b2c14,test
2,119335,b2c17,train
2,119335,b2c18,test
2,119335,b2c19,train
2,119335,b2c2,train
2,119335,b2c20,test
2,119335,b2c21,train
2,119335,b2c22,test
2,119335,b2c23,train
2,119335,b2c24,test
2,119335,b2c25,test
2,119335,b2c26,test
2,119335,b2c27,train
2,119335,b2c28,test
2,119335,b2c29,train
2,119335,b2c3,test
2,119335,b2c30,test
2,119335,b2c31,train
2,119335,b2c32,test
2,119335,b2c33,train
2,119335,b2c34,test
2,119335,b2c35,train
2,119335,b2c36,test
2,119335,b2c37,train
2,119335,b2c38,test
2,119335,b2c39,train
2,119335,b2c4,train
2,119335,b2c40,train
2,119335,b2c41,train
2,119335,b2c42,test
2,119335,b2c43,train
2,119335,b2c44,test
2,119335,b2c45,train
2,119335,b2c46,test
2,119335,b2c47,test
2,119335,b2c5,test
2,119335,b2c6,train
3,133876,b1c0,test
3,133876,b1c1,test
3,133876,b1c11,train
3,133876,b1c14,train
3,133876,b1c15,train
3,133876,b1c16,train
3,133876,b1c17,train
3,133876,b1c18,test
3,133876,b1c19,test
3,133876,b1c2,test
3,133876,b1c20,train
3,133876,b1c21,train
3,133876,b1c23,test
3,133876,b1c24,train
3,133876,b1c25,train
3,133876,b1c26,train
3,133876,b1c27,train
3,133876,b1c28,train
3,133876,b1c29,train
3,133876,b1c3,train
3,133876,b1c30,train
3,133876,b1c31,train
3,133876,b1c32,test
3,133876,b1c33,test
3,133876,b1c34,test
3,133876,b1c35,test
3,133876,b1c36,test
3,133876,b1c37,test
3,133876,b1c38,test
3,133876,b1c39,test
3,133876,b1c4,train
3,133876,b1c40,train
3,133876,b1c41,train
3,133876,b1c42,test
3,133876,b1c43,test
3,133876,b1c44,train
3,133876,b1c45,train
3,133876,b1c5,train
3,133876,b1c6,test
3,133876,b1c7,test
3,133876,b1c9,test
3,133876,b2c0,train
3,133876,b2c10,test
3,133876,b2c11,train
3,133876,b2c12,test
3,133876,b2c13,train
3,133876,b2c14,test
3,133876,b2c17,test
3,133876,b2c18,test
3,133876,b2c19,train
3,133876,b2c2,train
3,133876,b2c20,test
3,133876,b2c21,train
3,133876,b2c22,test
3,133876,b2c23,train
3,133876,b2c24,test
3,133876,b2c25,test
3,133876,b2c26,test
3,133876,b2c27,train
3,133876,b2c28,test
3,133876,b2c29,train
3,133876,b2c3,test
3,133876,b2c30,test
3,133876,b2c31,train
3,133876,b2c32,test
3,133876,b2c33,train
3,133876,b2c34,test
3,133876,b2c35,train
3,133876,b2c36,test
3,133876,b2c37,train
3,133876,b2c38,test
3,133876,b2c39,train
3,133876,b2c4,train
3,133876,b2c40,test
3,133876,b2c41,train
3,133876,b2c42,test
3,133876,b2c43,train
3,133876,b2c44,test
3,133876,b2c45,train
3,133876,b2c46,test
3,133876,b2c47,test
3,133876,b2c5,test
3,133876,b2c6,train
4,46649,b1c0,test
4,46649,b1c1,test
4,46649,b1c11,train
4,46649,b1c14,train
4,46649,b1c15,train
4,46649,b1c16,train
4,46649,b1c17,train
4,46649,b1c18,test
4,46649,b1c19,test
4,46649,b1c2,test
4,46649,b1c20,train
4,46649,b1c21,train
4,46649,b1c23,test
4,46649,b1c24,train
4,46649,b1c25,train
4,46649,b1c26,test
4,46649,b1c27,test
4,46649,b1c28,train
4,46649,b1c29,train
4,46649,b1c3,test
4,46649,b1c30,train
4,46649,b1c31,train
4,46649,b1c32,test
4,46649,b1c33,test
4,46649,b1c34,test
4,46649,b1c35,test
4,46649,b1c36,train
4,46649,b1c37,train
4,46649,b1c38,train
4,46649,b1c39,train
4,46649,b1c4,test
4,46649,b1c40,test
4,46649,b1c41,test
4,46649,b1c42,train
4,46649,b1c43,train
4,46649,b1c44,train
4,46649,b1c45,train
4,46649,b1c5,train
4,46649,b1c6,test
4,46649,b1c7,test
4,46649,b1c9,test
4,46649,b2c0,train
4,46649,b2c10,test
4,46649,b2c11,train
4,46649,b2c12,test
4,46649,b2c13,train
4,46649,b2c14,test
4,46649,b2c17,train
4,46649,b2c18,test
4,46649,b2c19,train
4,46649,b2c2,train
4,46649,b2c20,test
4,46649,b2c21,test
4,46649,b2c22,test
4,46649,b2c23,train
4,46649,b2c24,test
4,46649,b2c25,test
4,46649,b2c26,test
4,46649,b2c27,train
4,46649,b2c28,test
4,46649,b2c29,train
4,46649,b2c3,test
4,46649,b2c30,test
4,46649,b2c31,train
4,46649,b2c32,test
4,46649,b2c33,train
4,46649,b2c34,test
4,46649,b2c35,train
4,46649,b2c36,test
4,46649,b2c37,train
4,46649,b2c38,test
4,46649,b2c39,train
4,46649,b2c4,train
4,46649,b2c40,test
4,46649,b2c41,train
4,46649,b2c42,test
4,46649,b2c43,train
4,46649,b2c44,test
4,46649,b2c45,train
4,46649,b2c46,test
4,46649,b2c47,test
4,46649,b2c5,test
4,46649,b2c6,train
5,166929,b1c0,test
5,166929,b1c1,test
5,166929,b1c11,train
5,166929,b1c14,test
5,166929,b1c15,test
5,166929,b1c16,train
5,166929,b1c17,train
5,166929,b1c18,train
5,166929,b1c19,train
5,166929,b1c2,test
5,166929,b1c20,train
5,166929,b1c21,train
5,166929,b1c23,test
5,166929,b1c24,train
5,166929,b1c25,train
5,166929,b1c26,train
5,166929,b1c27,train
5,166929,b1c28,test
5,166929,b1c29,test
5,166929,b1c3,train
5,166929,b1c30,train
5,166929,b1c31,train
5,166929,b1c32,test
5,166929,b1c33,test
5,166929,b1c34,train
5,166929,b1c35,train
5,166929,b1c36,test
5,166929,b1c37,test
5,166929,b1c38,test
5,166929,b1c39,test
5,166929,b1c4,train
5,166929,b1c40,test
5,166929,b1c41,test
5,166929,b1c42,train
5,166929,b1c43,train
5,166929,b1c44,test
5,166929,b1c45,test
5,166929,b1c5,train
5,166929,b1c6,test
5,166929,b1c7,test
5,166929,b1c9,test
5,166929,b2c0,train
5,166929,b2c10,test
5,166929,b2c11,train
5,166929,b2c12,test
5,166929,b2c13,train
5,166929,b2c14,test
5,166929,b2c17,train
5,166929,b2c18,test
5,166929,b2c19,train
5,166929,b2c2,train
5,166929,b2c20,test
5,166929,b2c21,train
5,166929,b2c22,test
5,166929,b2c23,train
5,166929,b2c24,test
5,166929,b2c25,test
5,166929,b2c26,test
5,166929,b2c27,train
5,166929,b2c28,test
5,166929,b2c29,train
5,166929,b2c3,test
5,166929,b2c30,test
5,166929,b2c31,train
5,166929,b2c32,test
5,166929,b2c33,train
5,166929,b2c34,test
5,166929,b2c35,train
5,166929,b2c36,train
5,166929,b2c37,train
5,166929,b2c38,test
5,166929,b2c39,train
5,166929,b2c4,train
5,166929,b2c40,test
5,166929,b2c41,train
5,166929,b2c42,test
5,166929,b2c43,train
5,166929,b2c44,test
5,166929,b2c45,train
5,166929,b2c46,test
5,166929,b2c47,test
5,166929,b2c5,test
5,166929,b2c6,train
6,178586,b1c0,test
6,178586,b1c1,test
6,178586,b1c11,train
6,178586,b1c14,train
6,178586,b1c15,train
6,178586,b1c16,test
6,178586,b1c17,test
6,178586,b1c18,test
6,178586,b1c19,test
6,178586,b1c2,test
6,178586,b1c20,train
6,178586,b1c21,train
6,178586,b1c23,test
6,178586,b1c24,train
6,178586,b1c25,train
6,178586,b1c26,test
6,178586,b1c27,test
6,178586,b1c28,train
6,178586,b1c29,train
6,178586,b1c3,train
6,178586,b1c30,train
6,178586,b1c31,train
6,178586,b1c32,test
6,178586,b1c33,test
6,178586,b1c34,train
6,178586,b1c35,train
6,178586,b1c36,test
6,178586,b1c37,test
6,178586,b1c38,test
6,178586,b1c39,test
6,178586,b1c4,train
6,178586,b1c40,train
6,178586,b1c41,train
6,178586,b1c42,train
6,178586,b1c43,train
6,178586,b1c44,test
6,178586,b1c45,test
6,178586,b1c5,train
6,178586,b1c6,test
6,178586,b1c7,test
6,178586,b1c9,train
6,178586,b2c0,train
6,178586,b2c10,test
6,178586,b2c11,train
6,178586,b2c12,test
6,178586,b2c13,train
6,178586,b2c14,test
6,178586,b2c17,train
6,178586,b2c18,test
6,178586,b2c19,train
6,178586,b2c2,train
6,178586,b2c20,test
6,178586,b2c21,train
6,178586,b2c22,test
6,178586,b2c23,train
6,178586,b2c24,test
6,178586,b2c25,test
6,178586,b2c26,test
6,178586,b2c27,train
6,178586,b2c28,test
6,178586,b2c29,train
6,178586,b2c3,test
6,178586,b2c30,test
6,178586,b2c31,train
6,178586,b2c32,test
6,178586,b2c33,train
6,178586,b2c34,test
6,178586,b2c35,train
6,178586,b2c36,test
6,178586,b2c37,train
6,178586,b2c38,test
6,178586,b2c39,train
6,178586,b2c4,train
6,178586,b2c40,test
6,178586,b2c41,train
6,178586,b2c42,test
6,178586,b2c43,train
6,178586,b2c44,test
6,178586,b2c45,train
6,178586,b2c46,test
6,178586,b2c47,test
6,178586,b2c5,test
6,178586,b2c6,train
7,179546,b1c0,test
7,179546,b1c1,test
7,179546,b1c11,train
7,179546,b1c14,test
7,179546,b1c15,test
7,179546,b1c16,test
7,179546,b1c17,test
7,179546,b1c18,train
7,179546,b1c19,train
7,179546,b1c2,test
7,179546,b1c20,train
7,179546,b1c21,train
7,179546,b1c23,test
7,179546,b1c24,train
7,179546,b1c25,train
7,179546,b1c26,test
7,179546,b1c27,test
7,179546,b1c28,train
7,179546,b1c29,train
7,179546,b1c3,train
7,179546,b1c30,train
7,179546,b1c31,train
7,179546,b1c32,test
7,179546,b1c33,test
7,179546,b1c34,train
7,179546,b1c35,train
7,179546,b1c36,test
7,179546,b1c37,test
7,179546,b1c38,test
7,179546,b1c39,test
7,179546,b1c4,train
7,179546,b1c40,train
7,179546,b1c41,train
7,179546,b1c42,train
7,179546,b1c43,train
7,179546,b1c44,test
7,179546,b1c45,test
7,179546,b1c5,train
7,179546,b1c6,test
7,179546,b1c7,test
7,179546,b1c9,test
7,179546,b2c0,train
7,179546,b2c10,test
7,179546,b2c11,train
7,179546,b2c12,test
7,179546,b2c13,train
7,179546,b2c14,test
7,179546,b2c17,train
7,179546,b2c18,test
7,179546,b2c19,train
7,179546,b2c2,train
7,179546,b2c20,test
7,179546,b2c21,train
7,179546,b2c22,test
7,179546,b2c23,train
7,179546,b2c24,test
7,179546,b2c25,test
7,179546,b2c26,test
7,179546,b2c27,train
7,179546,b2c28,test
7,179546,b2c29,train
7,179546,b2c3,test
7,179546,b2c30,test
7,179546,b2c31,train
7,179546,b2c32,test
7,179546,b2c33,train
7,179546,b2c34,train
7,179546,b2c35,train
7,179546,b2c36,test
7,179546,b2c37,train
7,179546,b2c38,test
7,179546,b2c39,train
7,179546,b2c4,train
7,179546,b2c40,test
7,179546,b2c41,train
7,179546,b2c42,test
7,179546,b2c43,train
7,179546,b2c44,test
7,179546,b2c45,train
7,179546,b2c46,test
7,179546,b2c47,test
7,179546,b2c5,test
7,179546,b2c6,train
8,159842,b1c0,test
8,159842,b1c1,test
8,159842,b1c11,train
8,159842,b1c14,train
8,159842,b1c15,train
8,159842,b1c16,train
8,159842,b1c17,train
8,159842,b1c18,train
8,159842,b1c19,train
8,159842,b1c2,test
8,159842,b1c20,train
8,159842,b1c21,train
8,159842,b1c23,test
8,159842,b1c24,test
8,159842,b1c25,test
8,159842,b1c26,test
8,159842,b1c27,test
8,159842,b1c28,train
8,159842,b1c29,train
8,159842,b1c3,train
8,159842,b1c30,test
8,159842,b1c31,test
8,159842,b1c32,test
8,159842,b1c33,test
8,159842,b1c34,test
8,159842,b1c35,test
8,159842,b1c36,test
8,159842,b1c37,test
8,159842,b1c38,train
8,159842,b1c39,train
8,159842,b1c4,train
8,159842,b1c40,train
8,159842,b1c41,train
8,159842,b1c42,train
8,159842,b1c43,train
8,159842,b1c44,train
8,159842,b1c45,train
8,159842,b1c5,train
8,159842,b1c6,test
8,159842,b1c7,test
8,159842,b1c9,test
8,159842,b2c0,train
8,159842,b2c10,test
8,159842,b2c11,test
8,159842,b2c12,test
8,159842,b2c13,train
8,159842,b2c14,test
8,159842,b2c17,train
8,159842,b2c18,test
8,159842,b2c19,train
8,159842,b2c2,train
8,159842,b2c20,test
8,159842,b2c21,train
8,159842,b2c22,test
8,159842,b2c23,train
8,159842,b2c24,test
8,159842,b2c25,test
8,159842,b2c26,test
8,159842,b2c27,train
8,159842,b2c28,test
8,159842,b2c29,train
8,159842,b2c3,test
8,159842,b2c30,test
8,159842,b2c31,train
8,159842,b2c32,test
8,159842,b2c33,train
8,159842,b2c34,test
8,159842,b2c35,train
8,159842,b2c36,test
8,159842,b2c37,train
8,159842,b2c38,test
8,159842,b2c39,train
8,159842,b2c4,train
8,159842,b2c40,test
8,159842,b2c41,train
8,159842,b2c42,test
8,159842,b2c43,train
8,159842,b2c44,test
8,159842,b2c45,train
8,159842,b2c46,test
8,159842,b2c47,test
8,159842,b2c5,test
8,159842,b2c6,train
9,2442,b1c0,train
9,2442,b1c1,train
9,2442,b1c11,train
9,2442,b1c14,train
9,2442,b1c15,train
9,2442,b1c16,test
9,2442,b1c17,test
9,2442,b1c18,train
9,2442,b1c19,train
9,2442,b1c2,train
9,2442,b1c20,train
9,2442,b1c21,train
9,2442,b1c23,test
9,2442,b1c24,test
9,2442,b1c25,test
9,2442,b1c26,train
9,2442,b1c27,train
9,2442,b1c28,test
9,2442,b1c29,test
9,2442,b1c3,train
9,2442,b1c30,test
9,2442,b1c31,test
9,2442,b1c32,test
9,2442,b1c33,test
9,2442,b1c34,train
9,2442,b1c35,train
9,2442,b1c36,train
9,2442,b1c37,train
9,2442,b1c38,train
9,2442,b1c39,train
9,2442,b1c4,train
9,2442,b1c40,test
9,2442,b1c41,test
9,2442,b1c42,test
9,2442,b1c43,test
9,2442,b1c44,test
9,2442,b1c45,test
9,2442,b1c5,train
9,2442,b1c6,test
9,2442,b1c7,test
9,2442,b1c9,test
9,2442,b2c0,train
9,2442,b2c10,test
9,2442,b2c11,train
9,2442,b2c12,test
9,2442,b2c13,train
9,2442,b2c14,test
9,2442,b2c17,train
9,2442,b2c18,test
9,2442,b2c19,train
9,2442,b2c2,train
9,2442,b2c20,test
9,2442,b2c21,train
9,2442,b2c22,test
9,2442,b2c23,train
9,2442,b2c24,test
9,2442,b2c25,test
9,2442,b2c26,test
9,2442,b2c27,train
9,2442,b2c28,test
9,2442,b2c29,train
9,2442,b2c3,test
9,2442,b2c30,test
9,2442,b2c31,train
9,2442,b2c32,test
9,2442,b2c33,train
9,2442,b2c34,test
9,2442,b2c35,train
9,2442,b2c36,test
9,2442,b2c37,train
9,2442,b2c38,test
9,2442,b2c39,train
9,2442,b2c4,train
9,2442,b2c40,test
9,2442,b2c41,train
9,2442,b2c42,test
9,2442,b2c43,train
9,2442,b2c44,test
9,2442,b2c45,train
9,2442,b2c46,test
9,2442,b2c47,test
9,2442,b2c5,test
9,2442,b2c6,train
10,88769,b1c0,test
10,88769,b1c1,test
10,88769,b1c11,train
10,88769,b1c14,train
10,88769,b1c15,train
10,88769,b1c16,train
10,88769,b1c17,train
10,88769,b1c18,train
10,88769,b1c19,train
10,88769,b1c2,test
10,88769,b1c20,train
10,88769,b1c21,train
10,88769,b1c23,test
10,88769,b1c24,train
10,88769,b1c25,train
10,88769,b1c26,train
10,88769,b1c27,train
10,88769,b1c28,test
10,88769,b1c29,test
10,88769,b1c3,test
10,88769,b1c30,test
10,88769,b1c31,test
10,88769,b1c32,test
10,88769,b1c33,test
10,88769,b1c34,train
10,88769,b1c35,train
10,88769,b1c36,train
10,88769,b1c37,train
10,88769,b1c38,train
10,88769,b1c39,train
10,88769,b1c4,test
10,88769,b1c40,test
10,88769,b1c41,test
10,88769,b1c42,train
10,88769,b1c43,train
10,88769,b1c44,test
10,88769,b1c45,test
10,88769,b1c5,train
10,88769,b1c6,test
10,88769,b1c7,test
10,88769,b1c9,test
10,88769,b2c0,train
10,88769,b2c10,test
10,88769,b2c11,train
10,88769,b2c12,test
10,88769,b2c13,train
10,88769,b2c14,test
10,88769,b2c17,train
10,88769,b2c18,test
10,88769,b2c19,train
10,88769,b2c2,train
10,88769,b2c20,test
10,88769,b2c21,train
10,88769,b2c22,test
10,88769,b2c23,train
10,88769,b2c24,test
10,88769,b2c25,test
10,88769,b2c26,test
10,88769,b2c27,train
10,88769,b2c28,test
10,88769,b2c29,train
10,88769,b2c3,test
10,88769,b2c30,test
10,88769,b2c31,train
10,88769,b2c32,test
10,88769,b2c33,train
10,88769,b2c34,test
10,88769,b2c35,train
10,88769,b2c36,test
10,88769,b2c37,train
10,88769,b2c38,test
10,88769,b2c39,train
10,88769,b2c4,train
10,88769,b2c40,test
10,88769,b2c41,train
10,88769,b2c42,test
10,88769,b2c43,test
10,88769,b2c44,test
10,88769,b2c45,train
10,88769,b2c46,test
10,88769,b2c47,test
10,88769,b2c5,test
10,88769,b2c6,train
11,176192,b1c0,test
11,176192,b1c1,test
11,176192,b1c11,train
11,176192,b1c14,train
11,176192,b1c15,train
11,176192,b1c16,train
11,176192,b1c17,train
11,176192,b1c18,test
11,176192,b1c19,test
11,176192,b1c2,test
11,176192,b1c20,train
11,176192,b1c21,train
11,176192,b1c23,test
11,176192,b1c24,train
11,176192,b1c25,train
11,176192,b1c26,train
11,176192,b1c27,train
11,176192,b1c28,train
11,176192,b1c29,train
11,176192,b1c3,train
11,176192,b1c30,test
11,176192,b1c31,test
11,176192,b1c32,test
11,176192,b1c33,test
11,176192,b1c34,train
11,176192,b1c35,train
11,176192,b1c36,test
11,176192,b1c37,test
11,176192,b1c38,test
11,176192,b1c39,test
11,176192,b1c4,train
11,176192,b1c40,train
11,176192,b1c41,train
11,176192,b1c42,test
11,176192,b1c43,test
11,176192,b1c44,test
11,176192,b1c45,test
11,176192,b1c5,train
11,176192,b1c6,test
11,176192,b1c7,test
11,176192,b1c9,test
11,176192,b2c0,train
11,176192,b2c10,test
11,176192,b2c11,train
11,176192,b2c12,test
11,176192,b2c13,train
11,176192,b2c14,test
11,176192,b2c17,train
11,176192,b2c18,test
11,176192,b2c19,train
11,176192,b2c2,train
11,176192,b2c20,test
11,176192,b2c21,train
11,176192,b2c22,test
11,176192,b2c23,train
11,176192,b2c24,test
11,176192,b2c25,test
11,176192,b2c26,test
11,176192,b2c27,train
11,176192,b2c28,test
11,176192,b2c29,train
11,176192,b2c3,test
11,176192,b2c30,test
11,176192,b2c31,train
11,176192,b2c32,test
11,176192,b2c33,train
11,176192,b2c34,test
11,176192,b2c35,train
11,176192,b2c36,train
11,176192,b2c37,train
11,176192,b2c38,test
11,176192,b2c39,train
11,176192,b2c4,train
11,176192,b2c40,test
11,176192,b2c41,train
11,176192,b2c42,test
11,176192,b2c43,train
11,176192,b2c44,test
11,176192,b2c45,train
11,176192,b2c46,test
11,176192,b2c47,test
11,176192,b2c5,test
11,176192,b2c6,train
12,177174,b1c0,test
12,177174,b1c1,test
12,177174,b1c11,train
12,177174,b1c14,train
12,177174,b1c15,train
12,177174,b1c16,train
12,177174,b1c17,train
12,177174,b1c18,train
12,177174,b1c19,train
12,177174,b1c2,test
12,177174,b1c20,test
12,177174,b1c21,test
12,177174,b1c23,test
12,177174,b1c24,test
12,177174,b1c25,test
12,177174,b1c26,test
12,177174,b1c27,test
12,177174,b1c28,train
12,177174,b1c29,train
12,177174,b1c3,train
12,177174,b1c30,train
12,177174,b1c31,train
12,177174,b1c32,test
12,177174,b1c33,test
12,177174,b1c34,train
12,177174,b1c35,train
12,177174,b1c36,test
12,177174,b1c37,test
12,177174,b1c38,test
12,177174,b1c39,test
12,177174,b1c4,train
12,177174,b1c40,train
12,177174,b1c41,train
12,177174,b1c42,train
12,177174,b1c43,train
12,177174,b1c44,test
12,177174,b1c45,test
12,177174,b1c5,train
12,177174,b1c6,test
12,177174,b1c7,test
12,177174,b1c9,test
12,177174,b2c0,train
12,177174,b2c10,test
12,177174,b2c11,train
12,177174,b2c12,test
12,177174,b2c13,train
12,177174,b2c14,test
12,177174,b2c17,train
12,177174,b2c18,test
12,177174,b2c19,train
12,177174,b2c2,train
12,177174,b2c20,test
12,177174,b2c21,train
12,177174,b2c22,test
12,177174,b2c23,train
12,177174,b2c24,test
12,177174,b2c25,test
12,177174,b2c26,test
12,177174,b2c27,train
12,177174,b2c28,test
12,177174,b2c29,train
12,177174,b2c3,test
12,177174,b2c30,test
12,177174,b2c31,train
12,177174,b2c32,test
12,177174,b2c33,train
12,177174,b2c34,test
12,177174,b2c35,train
12,177174,b2c36,test
12,177174,b2c37,train
12,177174,b2c38,test
12,177174,b2c39,train
12,177174,b2c4,train
12,177174,b2c40,test
12,177174,b2c41,train
12,177174,b2c42,test
12,177174,b2c43,train
12,177174,b2c44,test
12,177174,b2c45,train
12,177174,b2c46,train
12,177174,b2c47,test
12,177174,b2c5,test
12,177174,b2c6,train
13,98187,b1c0,test
13,98187,b1c1,test
13,98187,b1c11,train
13,98187,b1c14,train
13,98187,b1c15,train
13,98187,b1c16,train
13,98187,b1c17,train
13,98187,b1c18,test
13,98187,b1c19,test
13,98187,b1c2,test
13,98187,b1c20,train
13,98187,b1c21,train
13,98187,b1c23,test
13,98187,b1c24,train
13,98187,b1c25,train
13,98187,b1c26,test
13,98187,b1c27,test
13,98187,b1c28,train
13,98187,b1c29,train
13,98187,b1c3,test
13,98187,b1c30,train
13,98187,b1c31,train
13,98187,b1c32,train
13,98187,b1c33,train
13,98187,b1c34,test
13,98187,b1c35,test
13,98187,b1c36,train
13,98187,b1c37,train
13,98187,b1c38,test
13,98187,b1c39,test
13,98187,b1c4,test
13,98187,b1c40,test
13,98187,b1c41,test
13,98187,b1c42,train
13,98187,b1c43,train
13,98187,b1c44,test
13,98187,b1c45,test
13,98187,b1c5,train
13,98187,b1c6,test
13,98187,b1c7,test
13,98187,b1c9,test
13,98187,b2c0,train
13,98187,b2c10,test
13,98187,b2c11,train
13,98187,b2c12,test
13,98187,b2c13,train
13,98187,b2c14,test
13,98187,b2c17,train
13,98187,b2c18,test
13,98187,b2c19,train
13,98187,b2c2,train
13,98187,b2c20,test
13,98187,b2c21,train
13,98187,b2c22,test
13,98187,b2c23,train
13,98187,b2c24,test
13,98187,b2c25,test
13,98187,b2c26,test
13,98187,b2c27,train
13,98187,b2c28,test
13,98187,b2c29,train
13,98187,b2c3,test
13,98187,b2c30,test
13,98187,b2c31,train
13,98187,b2c32,test
13,98187,b2c33,train
13,98187,b2c34,test
13,98187,b2c35,train
13,98187,b2c36,test
13,98187,b2c37,train
13,98187,b2c38,test
13,98187,b2c39,train
13,98187,b2c4,train
13,98187,b2c40,test
13,98187,b2c41,train
13,98187,b2c42,test
13,98187,b2c43,train
13,98187,b2c44,test
13,98187,b2c45,train
13,98187,b2c46,test
13,98187,b2c47,train
13,98187,b2c5,test
13,98187,b2c6,train
14,8786,b1c0,test
14,8786,b1c1,test
14,8786,b1c11,train
14,8786,b1c14,test
14,8786,b1c15,test
14,8786,b1c16,train
14,8786,b1c17,train
14,8786,b1c18,train
14,8786,b1c19,train
14,8786,b1c2,test
14,8786,b1c20,train
14,8786,b1c21,train
14,8786,b1c23,test
14,8786,b1c24,test
14,8786,b1c25,test
14,8786,b1c26,train
14,8786,b1c27,train
14,8786,b1c28,train
14,8786,b1c29,train
14,8786,b1c3,test
14,8786,b1c30,test
14,8786,b1c31,test
14,8786,b1c32,test
14,8786,b1c33,test
14,8786,b1c34,train
14,8786,b1c35,train
14,8786,b1c36,train
14,8786,b1c37,train
14,8786,b1c38,test
14,8786,b1c39,test
14,8786,b1c4,test
14,8786,b1c40,train
14,8786,b1c41,train
14,8786,b1c42,train
14,8786,b1c43,train
14,8786,b1c44,test
14,8786,b1c45,test
14,8786,b1c5,train
14,8786,b1c6,test
14,8786,b1c7,test
14,8786,b1c9,test
14,8786,b2c0,train
14,8786,b2c10,test
14,8786,b2c11,train
14,8786,b2c12,test
14,8786,b2c13,train
14,8786,b2c14,test
14,8786,b2c17,train
14,8786,b2c18,test
14,8786,b2c19,train
14,8786,b2c2,train
14,8786,b2c20,test
14,8786,b2c21,train
14,8786,b2c22,test
14,8786,b2c23,train
14,8786,b2c24,test
14,8786,b2c25,test
14,8786,b2c26,test
14,8786,b2c27,train
14,8786,b2c28,test
14,8786,b2c29,train
14,8786,b2c3,test
14,8786,b2c30,test
14,8786,b2c31,train
14,8786,b2c32,test
14,8786,b2c33,train
14,8786,b2c34,test
14,8786,b2c35,train
14,8786,b2c36,test
14,8786,b2c37,train
14,8786,b2c38,test
14,8786,b2c39,train
14,8786,b2c4,train
14,8786,b2c40,train
14,8786,b2c41,train
14,8786,b2c42,test
14,8786,b2c43,train
14,8786,b2c44,test
14,8786,b2c45,train
14,8786,b2c46,test
14,8786,b2c47,test
14,8786,b2c5,test
14,8786,b2c6,train
15,68448,b1c0,test
15,68448,b1c1,test
15,68448,b1c11,train
15,68448,b1c14,test
15,68448,b1c15,test
15,68448,b1c16,train
15,68448,b1c17,train
15,68448,b1c18,test
15,68448,b1c19,test
15,68448,b1c2,test
15,68448,b1c20,train
15,68448,b1c21,train
15,68448,b1c23,test
15,68448,b1c24,train
15,68448,b1c25,train
15,68448,b1c26,train
15,68448,b1c27,train
15,68448,b1c28,train
15,68448,b1c29,train
15,68448,b1c3,test
15,68448,b1c30,test
15,68448,b1c31,test
15,68448,b1c32,test
15,68448,b1c33,test
15,68448,b1c34,test
15,68448,b1c35,test
15,68448,b1c36,train
15,68448,b1c37,train
15,68448,b1c38,train
15,68448,b1c39,train
15,68448,b1c4,test
15,68448,b1c40,train
15,68448,b1c41,train
15,68448,b1c42,train
15,68448,b1c43,train
15,68448,b1c44,train
15,68448,b1c45,train
15,68448,b1c5,train
15,68448,b1c6,test
15,68448,b1c7,test
15,68448,b1c9,test
15,68448,b2c0,train
15,68448,b2c10,test
15,68448,b2c11,train
15,68448,b2c12,test
15,68448,b2c13,train
15,68448,b2c14,test
15,68448,b2c17,train
15,68448,b2c18,test
15,68448,b2c19,train
15,68448,b2c2,train
15,68448,b2c20,test
15,68448,b2c21,train
15,68448,b2c22,test
15,68448,b2c23,train
15,68448,b2c24,test
15,68448,b2c25,test
15,68448,b2c26,test
15,68448,b2c27,train
15,68448,b2c28,test
15,68448,b2c29,train
15,68448,b2c3,test
15,68448,b2c30,test
15,68448,b2c31,train
15,68448,b2c32,test
15,68448,b2c33,train
15,68448,b2c34,test
15,68448,b2c35,train
15,68448,b2c36,test
15,68448,b2c37,train
15,68448,b2c38,test
15,68448,b2c39,train
15,68448,b2c4,train
15,68448,b2c40,test
15,68448,b2c41,train
15,68448,b2c42,test
15,68448,b2c43,train
15,68448,b2c44,test
15,68448,b2c45,test
15,68448,b2c46,test
15,68448,b2c47,test
15,68448,b2c5,test
15,68448,b2c6,train
16,184309,b1c0,test
16,184309,b1c1,test
16,184309,b1c11,train
16,184309,b1c14,train
16,184309,b1c15,train
16,184309,b1c16,train
16,184309,b1c17,train
16,184309,b1c18,train
16,184309,b1c19,train
16,184309,b1c2,test
16,184309,b1c20,train
16,184309,b1c21,train
16,184309,b1c23,test
16,184309,b1c24,train
16,184309,b1c25,train
16,184309,b1c26,train
16,184309,b1c27,train
16,184309,b1c28,test
16,184309,b1c29,test
16,184309,b1c3,train
16,184309,b1c30,train
16,184309,b1c31,train
16,184309,b1c32,test
16,184309,b1c33,test
16,184309,b1c34,train
16,184309,b1c35,train
16,184309,b1c36,test
16,184309,b1c37,test
16,184309,b1c38,test
16,184309,b1c39,test
16,184309,b1c4,train
16,184309,b1c40,train
16,184309,b1c41,train
16,184309,b1c42,test
16,184309,b1c43,test
16,184309,b1c44,test
16,184309,b1c45,test
16,184309,b1c5,train
16,184309,b1c6,test
16,184309,b1c7,test
16,184309,b1c9,test
16,184309,b2c0,test
16,184309,b2c10,test
16,184309,b2c11,train
16,184309,b2c12,test
16,184309,b2c13,train
16,184309,b2c14,test
16,184309,b2c17,train
16,184309,b2c18,test
16,184309,b2c19,train
16,184309,b2c2,train
16,184309,b2c20,test
16,184309,b2c21,train
16,184309,b2c22,test
16,184309,b2c23,train
16,184309,b2c24,test
16,184309,b2c25,test
16,184309,b2c26,test
16,184309,b2c27,train
16,184309,b2c28,test
16,184309,b2c29,train
16,184309,b2c3,test
16,184309,b2c30,test
16,184309,b2c31,train
16,184309,b2c32,test
16,184309,b2c33,train
16,184309,b2c34,test
16,184309,b2c35,train
16,184309,b2c36,test
16,184309,b2c37,train
16,184309,b2c38,test
16,184309,b2c39,train
16,184309,b2c4,train
16,184309,b2c40,test
16,184309,b2c41,train
16,184309,b2c42,test
16,184309,b2c43,train
16,184309,b2c44,test
16,184309,b2c45,train
16,184309,b2c46,test
16,184309,b2c47,test
16,184309,b2c5,test
16,184309,b2c6,train
17,149665,b1c0,test
17,149665,b1c1,test
17,149665,b1c11,train
17,149665,b1c14,train
17,149665,b1c15,train
17,149665,b1c16,train
17,149665,b1c17,train
17,149665,b1c18,test
17,149665,b1c19,test
17,149665,b1c2,test
17,149665,b1c20,train
17,149665,b1c21,train
17,149665,b1c23,test
17,149665,b1c24,test
17,149665,b1c25,test
17,149665,b1c26,test
17,149665,b1c27,test
17,149665,b1c28,train
17,149665,b1c29,train
17,149665,b1c3,train
17,149665,b1c30,train
17,149665,b1c31,train
17,149665,b1c32,test
17,149665,b1c33,test
17,149665,b1c34,train
17,149665,b1c35,train
17,149665,b1c36,test
17,149665,b1c37,test
17,149665,b1c38,test
17,149665,b1c39,test
17,149665,b1c4,train
17,149665,b1c40,train
17,149665,b1c41,train
17,149665,b1c42,train
17,149665,b1c43,train
17,149665,b1c44,train
17,149665,b1c45,train
17,149665,b1c5,train
17,149665,b1c6,test
17,149665,b1c7,test
17,149665,b1c9,test
17,149665,b2c0,train
17,149665,b2c10,test
17,149665,b2c11,train
17,149665,b2c12,test
17,149665,b2c13,train
17,149665,b2c14,test
17,149665,b2c17,train
17,149665,b2c18,test
17,149665,b2c19,train
17,149665,b2c2,train
17,149665,b2c20,test
17,149665,b2c21,train
17,149665,b2c22,test
17,149665,b2c23,train
17,149665,b2c24,test
17,149665,b2c25,test
17,149665,b2c26,test
17,149665,b2c27,train
17,149665,b2c28,test
17,149665,b2c29,train
17,149665,b2c3,test
17,149665,b2c30,test
17,149665,b2c31,train
17,149665,b2c32,test
17,149665,b2c33,train
17,149665,b2c34,test
17,149665,b2c35,train
17,149665,b2c36,test
17,149665,b2c37,test
17,149665,b2c38,test
17,149665,b2c39,train
17,149665,b2c4,train
17,149665,b2c40,test
17,149665,b2c41,train
17,149665,b2c42,test
17,149665,b2c43,train
17,149665,b2c44,test
17,149665,b2c45,train
17,149665,b2c46,test
17,149665,b2c47,test
17,149665,b2c5,test
17,149665,b2c6,train
18,143361,b1c0,test
18,143361,b1c1,test
18,143361,b1c11,train
18,143361,b1c14,train
18,143361,b1c15,train
18,143361,b1c16,train
18,143361,b1c17,train
18,143361,b1c18,train
18,143361,b1c19,train
18,143361,b1c2,test
18,143361,b1c20,train
18,143361,b1c21,train
18,143361,b1c23,test
18,143361,b1c24,train
18,143361,b1c25,train
18,143361,b1c26,train
18,143361,b1c27,train
18,143361,b1c28,test
18,143361,b1c29,test
18,143361,b1c3,train
18,143361,b1c30,test
18,143361,b1c31,test
18,143361,b1c32,test
18,143361,b1c33,test
18,143361,b1c34,test
18,143361,b1c35,test
18,143361,b1c36,test
18,143361,b1c37,test
18,143361,b1c38,test
18,143361,b1c39,test
18,143361,b1c4,train
18,143361,b1c40,train
18,143361,b1c41,train
18,143361,b1c42,test
18,143361,b1c43,test
18,143361,b1c44,train
18,143361,b1c45,train
18,143361,b1c5,train
18,143361,b1c6,test
18,143361,b1c7,test
18,143361,b1c9,test
18,143361,b2c0,train
18,143361,b2c10,test
18,143361,b2c11,train
18,143361,b2c12,test
18,143361,b2c13,train
18,143361,b2c14,test
18,143361,b2c17,train
18,143361,b2c18,test
18,143361,b2c19,train
18,143361,b2c2,train
18,143361,b2c20,test
18,143361,b2c21,train
18,143361,b2c22,test
18,143361,b2c23,train
18,143361,b2c24,test
18,143361,b2c25,test
18,143361,b2c26,test
18,143361,b2c27,train
18,143361,b2c28,test
18,143361,b2c29,train
18,143361,b2c3,test
18,143361,b2c30,test
18,143361,b2c31,train
18,143361,b2c32,test
18,143361,b2c33,train
18,143361,b2c34,test
18,143361,b2c35,train
18,143361,b2c36,test
18,143361,b2c37,train
18,143361,b2c38,test
18,143361,b2c39,train
18,143361,b2c4,train
18,143361,b2c40,test
18,143361,b2c41,train
18,143361,b2c42,train
18,143361,b2c43,train
18,143361,b2c44,test
18,143361,b2c45,train
18,143361,b2c46,test
18,143361,b2c47,test
18,143361,b2c5,test
18,143361,b2c6,train
19,39078,b1c0,test
19,39078,b1c1,test
19,39078,b1c11,train
19,39078,b1c14,train
19,39078,b1c15,train
19,39078,b1c16,train
19,39078,b1c17,train
19,39078,b1c18,test
19,39078,b1c19,test
19,39078,b1c2,test
19,39078,b1c20,test
19,39078,b1c21,test
19,39078,b1c23,test
19,39078,b1c24,train
19,39078,b1c25,train
19,39078,b1c26,train
19,39078,b1c27,train
19,39078,b1c28,train
19,39078,b1c29,train
19,39078,b1c3,train
19,39078,b1c30,test
19,39078,b1c31,test
19,39078,b1c32,test
19,39078,b1c33,test
19,39078,b1c34,test
19,39078,b1c35,test
19,39078,b1c36,train
19,39078,b1c37,train
19,39078,b1c38,train
19,39078,b1c39,train
19,39078,b1c4,train
19,39078,b1c40,test
19,39078,b1c41,test
19,39078,b1c42,test
19,39078,b1c43,test
19,39078,b1c44,train
19,39078,b1c45,train
19,39078,b1c5,train
19,39078,b1c6,test
19,39078,b1c7,test
19,39078,b1c9,test
19,39078,b2c0,train
19,39078,b2c10,test
19,39078,b2c11,train
19,39078,b2c12,test
19,39078,b2c13,train
19,39078,b2c14,test
19,39078,b2c17,train
19,39078,b2c18,test
19,39078,b2c19,train
19,39078,b2c2,train
19,39078,b2c20,test
19,39078,b2c21,train
19,39078,b2c22,test
19,39078,b2c23,train
19,39078,b2c24,test
19,39078,b2c25,test
19,39078,b2c26,test
19,39078,b2c27,train
19,39078,b2c28,test
19,39078,b2c29,train
19,39078,b2c3,test
19,39078,b2c30,test
19,39078,b2c31,train
19,39078,b2c32,test
19,39078,b2c33,train
19,39078,b2c34,train
19,39078,b2c35,train
19,39078,b2c36,test
19,39078,b2c37,train
19,39078,b2c38,test
19,39078,b2c39,train
19,39078,b2c4,train
19,39078,b2c40,test
19,39078,b2c41,train
19,39078,b2c42,test
19,39078,b2c43,train
19,39078,b2c44,test
19,39078,b2c45,train
19,39078,b2c46,test
19,39078,b2c47,test
19,39078,b2c5,test
19,39078,b2c6,train
20,46704,b1c0,test
20,46704,b1c1,test
20,46704,b1c11,train
20,46704,b1c14,train
20,46704,b1c15,train
20,46704,b1c16,train
20,46704,b1c17,train
20,46704,b1c18,test
20,46704,b1c19,test
20,46704,b1c2,test
20,46704,b1c20,train
20,46704,b1c21,train
20,46704,b1c23,test
20,46704,b1c24,test
20,46704,b1c25,test
20,46704,b1c26,test
20,46704,b1c27,test
20,46704,b1c28,train
20,46704,b1c29,train
20,46704,b1c3,test
20,46704,b1c30,train
20,46704,b1c31,train
20,46704,b1c32,test
20,46704,b1c33,test
20,46704,b1c34,test
20,46704,b1c35,test
20,46704,b1c36,train
20,46704,b1c37,train
20,46704,b1c38,test
20,46704,b1c39,test
20,46704,b1c4,test
20,46704,b1c40,train
20,46704,b1c41,train
20,46704,b1c42,train
20,46704,b1c43,train
20,46704,b1c44,train
20,46704,b1c45,train
20,46704,b1c5,train
20,46704,b1c6,test
20,46704,b1c7,test
20,46704,b1c9,test
20,46704,b2c0,train
20,46704,b2c10,test
20,46704,b2c11,train
20,46704,b2c12,test
20,46704,b2c13,train
20,46704,b2c14,test
20,46704,b2c17,train
20,46704,b2c18,test
20,46704,b2c19,train
20,46704,b2c2,train
20,46704,b2c20,train
20,46704,b2c21,train
20,46704,b2c22,test
20,46704,b2c23,train
20,46704,b2c24,test
20,46704,b2c25,test
20,46704,b2c26,test
20,46704,b2c27,train
20,46704,b2c28,test
20,46704,b2c29,train
20,46704,b2c3,test
20,46704,b2c30,test
20,46704,b2c31,train
20,46704,b2c32,test
20,46704,b2c33,train
20,46704,b2c34,test
20,46704,b2c35,train
20,46704,b2c36,test
20,46704,b2c37,train
20,46704,b2c38,test
20,46704,b2c39,train
20,46704,b2c4,train
20,46704,b2c40,test
20,46704,b2c41,train
20,46704,b2c42,test
20,46704,b2c43,train
20,46704,b2c44,test
20,46704,b2c45,train
20,46704,b2c46,test
20,46704,b2c47,test
20,46704,b2c5,test
20,46704,b2c6,train
21,40151,b1c0,test
21,40151,b1c1,test
21,40151,b1c11,train
21,40151,b1c14,test
21,40151,b1c15,test
21,40151,b1c16,test
21,40151,b1c17,test
21,40151,b1c18,train
21,40151,b1c19,train
21,40151,b1c2,test
21,40151,b1c20,test
21,40151,b1c21,test
21,40151,b1c23,test
21,40151,b1c24,train
21,40151,b1c25,train
21,40151,b1c26,train
21,40151,b1c27,train
21,40151,b1c28,train
21,40151,b1c29,train
21,40151,b1c3,train
21,40151,b1c30,test
21,40151,b1c31,test
21,40151,b1c32,test
21,40151,b1c33,test
21,40151,b1c34,train
21,40151,b1c35,train
21,40151,b1c36,train
21,40151,b1c37,train
21,40151,b1c38,train
21,40151,b1c39,train
21,40151,b1c4,train
21,40151,b1c40,test
21,40151,b1c41,test
21,40151,b1c42,test
21,40151,b1c43,test
21,40151,b1c44,train
21,40151,b1c45,train
21,40151,b1c5,train
21,40151,b1c6,test
21,40151,b1c7,test
21,40151,b1c9,test
21,40151,b2c0,train
21,40151,b2c10,test
21,40151,b2c11,train
21,40151,b2c12,test
21,40151,b2c13,train
21,40151,b2c14,test
21,40151,b2c17,train
21,40151,b2c18,test
21,40151,b2c19,train
21,40151,b2c2,train
21,40151,b2c20,test
21,40151,b2c21,train
21,40151,b2c22,test
21,40151,b2c23,train
21,40151,b2c24,test
21,40151,b2c25,test
21,40151,b2c26,test
21,40151,b2c27,train
21,40151,b2c28,test
21,40151,b2c29,train
21,40151,b2c3,test
21,40151,b2c30,test
21,40151,b2c31,train
21,40151,b2c32,test
21,40151,b2c33,train
21,40151,b2c34,test
21,40151,b2c35,train
21,40151,b2c36,test
21,40151,b2c37,train
21,40151,b2c38,test
21,40151,b2c39,train
21,40151,b2c4,train
21,40151,b2c40,test
21,40151,b2c41,train
21,40151,b2c42,train
21,40151,b2c43,train
21,40151,b2c44,test
21,40151,b2c45,train
21,40151,b2c46,test
21,40151,b2c47,test
21,40151,b2c5,test
21,40151,b2c6,train
22,26136,b1c0,test
22,26136,b1c1,test
22,26136,b1c11,train
22,26136,b1c14,test
22,26136,b1c15,test
22,26136,b1c16,train
22,26136,b1c17,train
22,26136,b1c18,test
22,26136,b1c19,test
22,26136,b1c2,test
22,26136,b1c20,train
22,26136,b1c21,train
22,26136,b1c23,test
22,26136,b1c24,train
22,26136,b1c25,train
22,26136,b1c26,train
22,26136,b1c27,train
22,26136,b1c28,test
22,26136,b1c29,test
22,26136,b1c3,test
22,26136,b1c30,train
22,26136,b1c31,train
22,26136,b1c32,test
22,26136,b1c33,test
22,26136,b1c34,train
22,26136,b1c35,train
22,26136,b1c36,train
22,26136,b1c37,train
22,26136,b1c38,test
22,26136,b1c39,test
22,26136,b1c4,test
22,26136,b1c40,train
22,26136,b1c41,train
22,26136,b1c42,test
22,26136,b1c43,test
22,26136,b1c44,train
22,26136,b1c45,train
22,26136,b1c5,train
22,26136,b1c6,test
22,26136,b1c7,test
22,26136,b1c9,train
22,26136,b2c0,train
22,26136,b2c10,test
22,26136,b2c11,train
22,26136,b2c12,test
22,26136,b2c13,train
22,26136,b2c14,test
22,26136,b2c17,train
22,26136,b2c18,test
22,26136,b2c19,train
22,26136,b2c2,train
22,26136,b2c20,test
22,26136,b2c21,train
22,26136,b2c22,test
22,26136,b2c23,train
22,26136,b2c24,test
22,26136,b2c25,test
22,26136,b2c26,test
22,26136,b2c27,train
22,26136,b2c28,test
22,26136,b2c29,train
22,26136,b2c3,test
22,26136,b2c30,test
22,26136,b2c31,train
22,26136,b2c32,test
22,26136,b2c33,train
22,26136,b2c34,test
22,26136,b2c35,train
22,26136,b2c36,test
22,26136,b2c37,train
22,26136,b2c38,test
22,26136,b2c39,train
22,26136,b2c4,train
22,26136,b2c40,test
22,26136,b2c41,train
22,26136,b2c42,test
22,26136,b2c43,train
22,26136,b2c44,test
22,26136,b2c45,train
22,26136,b2c46,test
22,26136,b2c47,test
22,26136,b2c5,test
22,26136,b2c6,train
23,172872,b1c0,test
23,172872,b1c1,test
23,172872,b1c11,train
23,172872,b1c14,train
23,172872,b1c15,train
23,172872,b1c16,test
23,172872,b1c17,test
23,172872,b1c18,train
23,172872,b1c19,train
23,172872,b1c2,test
23,172872,b1c20,train
23,172872,b1c21,train
23,172872,b1c23,test
23,172872,b1c24,train
23,172872,b1c25,train
23,172872,b1c26,train
23,172872,b1c27,train
23,172872,b1c28,test
23,172872,b1c29,test
23,172872,b1c3,train
23,172872,b1c30,test
23,172872,b1c31,test
23,172872,b1c32,test
23,172872,b1c33,test
23,172872,b1c34,train
23,172872,b1c35,train
23,172872,b1c36,test
23,172872,b1c37,test
23,172872,b1c38,train
23,172872,b1c39,train
23,172872,b1c4,train
23,172872,b1c40,train
23,172872,b1c41,train
23,172872,b1c42,train
23,172872,b1c43,train
23,172872,b1c44,test
23,172872,b1c45,test
23,172872,b1c5,train
23,172872,b1c6,test
23,172872,b1c7,test
23,172872,b1c9,test
23,172872,b2c0,train
23,172872,b2c10,test
23,172872,b2c11,train
23,172872,b2c12,test
23,172872,b2c13,train
23,172872,b2c14,test
23,172872,b2c17,train
23,172872,b2c18,test
23,172872,b2c19,train
23,172872,b2c2,train
23,172872,b2c20,test
23,172872,b2c21,train
23,172872,b2c22,test
23,172872,b2c23,train
23,172872,b2c24,test
23,172872,b2c25,test
23,172872,b2c26,test
23,172872,b2c27,test
23,172872,b2c28,test
23,172872,b2c29,train
23,172872,b2c3,test
23,172872,b2c30,test
23,172872,b2c31,train
23,172872,b2c32,test
23,172872,b2c33,train
23,172872,b2c34,test
23,172872,b2c35,train
23,172872,b2c36,test
23,172872,b2c37,train
23,172872,b2c38,test
23,172872,b2c39,train
23,172872,b2c4,train
23,172872,b2c40,test
23,172872,b2c41,train
23,172872,b2c42,test
23,172872,b2c43,train
23,172872,b2c44,test
23,172872,b2c45,train
23,172872,b2c46,test
23,172872,b2c47,test
23,172872,b2c5,test
23,172872,b2c6,train
24,70127,b1c0,test
24,70127,b1c1,test
24,70127,b1c11,train
24,70127,b1c14,train
24,70127,b1c15,train
24,70127,b1c16,train
24,70127,b1c17,train
24,70127,b1c18,train
24,70127,b1c19,train
24,70127,b1c2,test
24,70127,b1c20,test
24,70127,b1c21,test
24,70127,b1c23,test
24,70127,b1c24,test
24,70127,b1c25,test
24,70127,b1c26,train
24,70127,b1c27,train
24,70127,b1c28,test
24,70127,b1c29,test
24,70127,b1c3,train
24,70127,b1c30,train
24,70127,b1c31,train
24,70127,b1c32,test
24,70127,b1c33,test
24,70127,b1c34,test
24,70127,b1c35,test
24,70127,b1c36,train
24,70127,b1c37,train
24,70127,b1c38,test
24,70127,b1c39,test
24,70127,b1c4,train
24,70127,b1c40,train
24,70127,b1c41,train
24,70127,b1c42,train
24,70127,b1c43,train
24,70127,b1c44,test
24,70127,b1c45,test
24,70127,b1c5,train
24,70127,b1c6,test
24,70127,b1c7,test
24,70127,b1c9,test
24,70127,b2c0,train
24,70127,b2c10,test
24,70127,b2c11,train
24,70127,b2c12,test
24,70127,b2c13,train
24,70127,b2c14,test
24,70127,b2c17,train
24,70127,b2c18,test
24,70127,b2c19,train
24,70127,b2c2,train
24,70127,b2c20,test
24,70127,b2c21,train
24,70127,b2c22,test
24,70127,b2c23,train
24,70127,b2c24,test
24,70127,b2c25,test
24,70127,b2c26,test
24,70127,b2c27,train
24,70127,b2c28,test
24,70127,b2c29,train
24,70127,b2c3,test
24,70127,b2c30,train
24,70127,b2c31,train
24,70127,b2c32,test
24,70127,b2c33,train
24,70127,b2c34,test
24,70127,b2c35,train
24,70127,b2c36,test
24,70127,b2c37,train
24,70127,b2c38,test
24,70127,b2c39,train
24,70127,b2c4,train
24,70127,b2c40,test
24,70127,b2c41,train
24,70127,b2c42,test
24,70127,b2c43,train
24,70127,b2c44,test
24,70127,b2c45,train
24,70127,b2c46,test
24,70127,b2c47,test
24,70127,b2c5,test
24,70127,b2c6,train
25,9863,b1c0,test
25,9863,b1c1,test
25,9863,b1c11,train
25,9863,b1c14,test
25,9863,b1c15,test
25,9863,b1c16,train
25,9863,b1c17,train
25,9863,b1c18,test
25,9863,b1c19,test
25,9863,b1c2,test
25,9863,b1c20,train
25,9863,b1c21,train
25,9863,b1c23,test
25,9863,b1c24,test
25,9863,b1c25,test
25,9863,b1c26,train
25,9863,b1c27,train
25,9863,b1c28,test
25,9863,b1c29,test
25,9863,b1c3,train
25,9863,b1c30,train
25,9863,b1c31,train
25,9863,b1c32,test
25,9863,b1c33,test
25,9863,b1c34,train
25,9863,b1c35,train
25,9863,b1c36,train
25,9863,b1c37,train
25,9863,b1c38,train
25,9863,b1c39,train
25,9863,b1c4,train
25,9863,b1c40,test
25,9863,b1c41,test
25,9863,b1c42,test
25,9863,b1c43,test
25,9863,b1c44,train
25,9863,b1c45,train
25,9863,b1c5,train
25,9863,b1c6,test
25,9863,b1c7,test
25,9863,b1c9,test
25,9863,b2c0,train
25,9863,b2c10,test
25,9863,b2c11,train
25,9863,b2c12,test
25,9863,b2c13,train
25,9863,b2c14,test
25,9863,b2c17,train
25,9863,b2c18,test
25,9863,b2c19,train
25,9863,b2c2,train
25,9863,b2c20,test
25,9863,b2c21,train
25,9863,b2c22,test
25,9863,b2c23,train
25,9863,b2c24,test
25,9863,b2c25,test
25,9863,b2c26,test
25,9863,b2c27,train
25,9863,b2c28,train
25,9863,b2c29,train
25,9863,b2c3,test
25,9863,b2c30,test
25,9863,b2c31,train
25,9863,b2c32,test
25,9863,b2c33,train
25,9863,b2c34,test
25,9863,b2c35,train
25,9863,b2c36,test
25,9863,b2c37,train
25,9863,b2c38,test
25,9863,b2c39,train
25,9863,b2c4,train
25,9863,b2c40,test
25,9863,b2c41,train
25,9863,b2c42,test
25,9863,b2c43,train
25,9863,b2c44,test
25,9863,b2c45,train
25,9863,b2c46,test
25,9863,b2c47,test
25,9863,b2c5,test
25,9863,b2c6,train
26,75068,b1c0,test
26,75068,b1c1,test
26,75068,b1c11,train
26,75068,b1c14,test
26,75068,b1c15,test
26,75068,b1c16,train
26,75068,b1c17,train
26,75068,b1c18,train
26,75068,b1c19,train
26,75068,b1c2,test
26,75068,b1c20,train
26,75068,b1c21,train
26,75068,b1c23,test
26,75068,b1c24,test
26,75068,b1c25,test
26,75068,b1c26,train
26,75068,b1c27,train
26,75068,b1c28,train
26,75068,b1c29,train
26,75068,b1c3,test
26,75068,b1c30,train
26,75068,b1c31,train
26,75068,b1c32,test
26,75068,b1c33,test
26,75068,b1c34,test
26,75068,b1c35,test
26,75068,b1c36,train
26,75068,b1c37,train
26,75068,b1c38,test
26,75068,b1c39,test
26,75068,b1c4,test
26,75068,b1c40,train
26,75068,b1c41,train
26,75068,b1c42,train
26,75068,b1c43,train
26,75068,b1c44,test
26,75068,b1c45,test
26,75068,b1c5,train
26,75068,b1c6,test
26,75068,b1c7,test
26,75068,b1c9,test
26,75068,b2c0,train
26,75068,b2c10,test
26,75068,b2c11,train
26,75068,b2c12,test
26,75068,b2c13,train
26,75068,b2c14,test
26,75068,b2c17,train
26,75068,b2c18,test
26,75068,b2c19,train
26,75068,b2c2,train
26,75068,b2c20,test
26,75068,b2c21,train
26,75068,b2c22,test
26,75068,b2c23,train
26,75068,b2c24,test
26,75068,b2c25,test
26,75068,b2c26,test
26,75068,b2c27,train
26,75068,b2c28,test
26,75068,b2c29,train
26,75068,b2c3,train
26,75068,b2c30,test
26,75068,b2c31,train
26,75068,b2c32,test
26,75068,b2c33,train
26,75068,b2c34,test
26,75068,b2c35,train
26,75068,b2c36,test
26,75068,b2c37,train
26,75068,b2c38,test
26,75068,b2c39,train
26,75068,b2c4,train
26,75068,b2c40,test
26,75068,b2c41,train
26,75068,b2c42,test
26,75068,b2c43,train
26,75068,b2c44,test
26,75068,b2c45,train
26,75068,b2c46,test
26,75068,b2c47,test
26,75068,b2c5,test
26,75068,b2c6,train
27,1666,b1c0,train
27,1666,b1c1,train
27,1666,b1c11,train
27,1666,b1c14,test
27,1666,b1c15,test
27,1666,b1c16,train
27,1666,b1c17,train
27,1666,b1c18,train
27,1666,b1c19,train
27,1666,b1c2,train
27,1666,b1c20,test
27,1666,b1c21,test
27,1666,b1c23,test
27,1666,b1c24,test
27,1666,b1c25,test
27,1666,b1c26,test
27,1666,b1c27,test
27,1666,b1c28,train
27,1666,b1c29,train
27,1666,b1c3,train
27,1666,b1c30,test
27,1666,b1c31,test
27,1666,b1c32,test
27,1666,b1c33,test
27,1666,b1c34,train
27,1666,b1c35,train
27,1666,b1c36,train
27,1666,b1c37,train
27,1666,b1c38,train
27,1666,b1c39,train
27,1666,b1c4,train
27,1666,b1c40,test
27,1666,b1c41,test
27,1666,b1c42,test
27,1666,b1c43,test
27,1666,b1c44,train
27,1666,b1c45,train
27,1666,b1c5,train
27,1666,b1c6,test
27,1666,b1c7,test
27,1666,b1c9,test
27,1666,b2c0,train
27,1666,b2c10,test
27,1666,b2c11,train
27,1666,b2c12,test
27,1666,b2c13,train
27,1666,b2c14,test
27,1666,b2c17,train
27,1666,b2c18,test
27,1666,b2c19,train
27,1666,b2c2,train
27,1666,b2c20,test
27,1666,b2c21,train
27,1666,b2c22,test
27,1666,b2c23,train
27,1666,b2c24,test
27,1666,b2c25,test
27,1666,b2c26,test
27,1666,b2c27,train
27,1666,b2c28,test
27,1666,b2c29,train
27,1666,b2c3,test
27,1666,b2c30,test
27,1666,b2c31,train
27,1666,b2c32,test
27,1666,b2c33,train
27,1666,b2c34,test
27,1666,b2c35,train
27,1666,b2c36,test
27,1666,b2c37,train
27,1666,b2c38,test
27,1666,b2c39,train
27,1666,b2c4,train
27,1666,b2c40,test
27,1666,b2c41,train
27,1666,b2c42,test
27,1666,b2c43,train
27,1666,b2c44,test
27,1666,b2c45,train
27,1666,b2c46,test
27,1666,b2c47,test
27,1666,b2c5,test
27,1666,b2c6,train
28,126162,b1c0,test
28,126162,b1c1,test
28,126162,b1c11,train
28,126162,b1c14,train
28,126162,b1c15,train
28,126162,b1c16,train
28,126162,b1c17,train
28,126162,b1c18,test
28,126162,b1c19,test
28,126162,b1c2,test
28,126162,b1c20,train
28,126162,b1c21,train
28,126162,b1c23,test
28,126162,b1c24,train
28,126162,b1c25,train
28,126162,b1c26,train
28,126162,b1c27,train
28,126162,b1c28,test
28,126162,b1c29,test
28,126162,b1c3,test
28,126162,b1c30,train
28,126162,b1c31,train
28,126162,b1c32,test
28,126162,b1c33,test
28,126162,b1c34,train
28,126162,b1c35,train
28,126162,b1c36,test
28,126162,b1c37,test
28,126162,b1c38,train
28,126162,b1c39,train
28,126162,b1c4,test
28,126162,b1c40,test
28,126162,b1c41,test
28,126162,b1c42,train
28,126162,b1c43,train
28,126162,b1c44,train
28,126162,b1c45,train
28,126162,b1c5,train
28,126162,b1c6,test
28,126162,b1c7,test
28,126162,b1c9,test
28,126162,b2c0,train
28,126162,b2c10,test
28,126162,b2c11,train
28,126162,b2c12,test
28,126162,b2c13,train
28,126162,b2c14,test
28,126162,b2c17,train
28,126162,b2c18,test
28,126162,b2c19,train
28,126162,b2c2,train
28,126162,b2c20,test
28,126162,b2c21,train
28,126162,b2c22,test
28,126162,b2c23,train
28,126162,b2c24,test
28,126162,b2c25,test
28,126162,b2c26,test
28,126162,b2c27,train
28,126162,b2c28,test
28,126162,b2c29,train
28,126162,b2c3,test
28,126162,b2c30,test
28,126162,b2c31,train
28,126162,b2c32,test
28,126162,b2c33,train
28,126162,b2c34,test
28,126162,b2c35,train
28,126162,b2c36,test
28,126162,b2c37,train
28,126162,b2c38,test
28,126162,b2c39,train
28,126162,b2c4,train
28,126162,b2c40,test
28,126162,b2c41,test
28,126162,b2c42,test
28,126162,b2c43,train
28,126162,b2c44,test
28,126162,b2c45,train
28,126162,b2c46,test
28,126162,b2c47,test
28,126162,b2c5,test
28,126162,b2c6,train
29,42699,b1c0,test
29,42699,b1c1,test
29,42699,b1c11,train
29,42699,b1c14,train
29,42699,b1c15,train
29,42699,b1c16,test
29,42699,b1c17,test
29,42699,b1c18,train
29,42699,b1c19,train
29,42699,b1c2,test
29,42699,b1c20,train
29,42699,b1c21,train
29,42699,b1c23,test
29,42699,b1c24,train
29,42699,b1c25,train
29,42699,b1c26,test
29,42699,b1c27,test
29,42699,b1c28,test
29,42699,b1c29,test
29,42699,b1c3,test
29,42699,b1c30,train
29,42699,b1c31,train
29,42699,b1c32,test
29,42699,b1c33,test
29,42699,b1c34,train
29,42699,b1c35,train
29,42699,b1c36,train
29,42699,b1c37,train
29,42699,b1c38,train
29,42699,b1c39,train
29,42699,b1c4,test
29,42699,b1c40,test
29,42699,b1c41,test
29,42699,b1c42,test
29,42699,b1c43,test
29,42699,b1c44,train
29,42699,b1c45,train
29,42699,b1c5,train
29,42699,b1c6,test
29,42699,b1c7,test
29,42699,b1c9,test
29,42699,b2c0,train
29,42699,b2c10,test
29,42699,b2c11,train
29,42699,b2c12,test
29,42699,b2c13,train
29,42699,b2c14,test
29,42699,b2c17,train
29,42699,b2c18,test
29,42699,b2c19,train
29,42699,b2c2,train
29,42699,b2c20,test
29,42699,b2c21,train
29,42699,b2c22,test
29,42699,b2c23,train
29,42699,b2c24,test
29,42699,b2c25,test
29,42699,b2c26,test
29,42699,b2c27,train
29,42699,b2c28,train
29,42699,b2c29,train
29,42699,b2c3,test
29,42699,b2c30,test
29,42699,b2c31,train
29,42699,b2c32,test
29,42699,b2c33,train
29,42699,b2c34,test
29,42699,b2c35,train
29,42699,b2c36,test
29,42699,b2c37,train
29,42699,b2c38,test
29,42699,b2c39,train
29,42699,b2c4,train
29,42699,b2c40,test
29,42699,b2c41,train
29,42699,b2c42,test
29,42699,b2c43,train
29,42699,b2c44,test
29,42699,b2c45,train
29,42699,b2c46,test
29,42699,b2c47,test
29,42699,b2c5,test
29,42699,b2c6,train
30,118601,b1c0,test
30,118601,b1c1,test
30,118601,b1c11,train
30,118601,b1c14,train
30,118601,b1c15,train
30,118601,b1c16,test
30,118601,b1c17,test
30,118601,b1c18,train
30,118601,b1c19,train
30,118601,b1c2,test
30,118601,b1c20,train
30,118601,b1c21,train
30,118601,b1c23,test
30,118601,b1c24,test
30,118601,b1c25,test
30,118601,b1c26,train
30,118601,b1c27,train
30,118601,b1c28,train
30,118601,b1c29,train
30,118601,b1c3,train
30,118601,b1c30,test
30,118601,b1c31,test
30,118601,b1c32,test
30,118601,b1c33,test
30,118601,b1c34,test
30,118601,b1c35,test
30,118601,b1c36,test
30,118601,b1c37,test
30,118601,b1c38,train
30,118601,b1c39,train
30,118601,b1c4,train
30,118601,b1c40,train
30,118601,b1c41,train
30,118601,b1c42,train
30,118601,b1c43,train
30,118601,b1c44,test
30,118601,b1c45,test
30,118601,b1c5,train
30,118601,b1c6,test
30,118601,b1c7,test
30,118601,b1c9,test
30,118601,b2c0,train
30,118601,b2c10,test
30,118601,b2c11,train
30,118601,b2c12,test
30,118601,b2c13,train
30,118601,b2c14,test
30,118601,b2c17,train
30,118601,b2c18,test
30,118601,b2c19,train
30,118601,b2c2,train
30,118601,b2c20,test
30,118601,b2c21,train
30,118601,b2c22,test
30,118601,b2c23,train
30,118601,b2c24,test
30,118601,b2c25,test
30,118601,b2c26,test
30,118601,b2c27,train
30,118601,b2c28,test
30,118601,b2c29,train
30,118601,b2c3,test
30,118601,b2c30,test
30,118601,b2c31,train
30,118601,b2c32,test
30,118601,b2c33,train
30,118601,b2c34,test
30,118601,b2c35,train
30,118601,b2c36,test
30,118601,b2c37,train
30,118601,b2c38,test
30,118601,b2c39,train
30,118601,b2c4,train
30,118601,b2c40,test
30,118601,b2c41,train
30,118601,b2c42,test
30,118601,b2c43,train
30,118601,b2c44,train
30,118601,b2c45,train
30,118601,b2c46,test
30,118601,b2c47,test
30,118601,b2c5,test
30,118601,b2c6,train
31,130868,b1c0,test
31,130868,b1c1,test
31,130868,b1c11,train
31,130868,b1c14,train
31,130868,b1c15,train
31,130868,b1c16,test
31,130868,b1c17,test
31,130868,b1c18,test
31,130868,b1c19,test
31,130868,b1c2,test
31,130868,b1c20,train
31,130868,b1c21,train
31,130868,b1c23,test
31,130868,b1c24,train
31,130868,b1c25,train
31,130868,b1c26,train
31,130868,b1c27,train
31,130868,b1c28,train
31,130868,b1c29,train
31,130868,b1c3,train
31,130868,b1c30,train
31,130868,b1c31,train
31,130868,b1c32,test
31,130868,b1c33,test
31,130868,b1c34,test
31,130868,b1c35,test
31,130868,b1c36,test
31,130868,b1c37,test
31,130868,b1c38,train
31,130868,b1c39,train
31,130868,b1c4,train
31,130868,b1c40,test
31,130868,b1c41,test
31,130868,b1c42,test
31,130868,b1c43,test
31,130868,b1c44,train
31,130868,b1c45,train
31,130868,b1c5,train
31,130868,b1c6,test
31,130868,b1c7,test
31,130868,b1c9,test
31,130868,b2c0,train
31,130868,b2c10,test
31,130868,b2c11,train
31,130868,b2c12,test
31,130868,b2c13,train
31,130868,b2c14,test
31,130868,b2c17,train
31,130868,b2c18,test
31,130868,b2c19,train
31,130868,b2c2,train
31,130868,b2c20,test
31,130868,b2c21,train
31,130868,b2c22,test
31,130868,b2c23,train
31,130868,b2c24,test
31,130868,b2c25,test
31,130868,b2c26,test
31,130868,b2c27,train
31,130868,b2c28,test
31,130868,b2c29,train
31,130868,b2c3,test
31,130868,b2c30,test
31,130868,b2c31,train
31,130868,b2c32,test
31,130868,b2c33,train
31,130868,b2c34,test
31,130868,b2c35,train
31,130868,b2c36,test
31,130868,b2c37,train
31,130868,b2c38,test
31,130868,b2c39,train
31,130868,b2c4,train
31,130868,b2c40,test
31,130868,b2c41,train
31,130868,b2c42,test
31,130868,b2c43,train
31,130868,b2c44,test
31,130868,b2c45,train
31,130868,b2c46,train
31,130868,b2c47,test
31,130868,b2c5,test
31,130868,b2c6,train
32,40169,b1c0,test
32,40169,b1c1,test
32,40169,b1c11,train
32,40169,b1c14,test
32,40169,b1c15,test
32,40169,b1c16,train
32,40169,b1c17,train
32,40169,b1c18,train
32,40169,b1c19,train
32,40169,b1c2,test
32,40169,b1c20,train
32,40169,b1c21,train
32,40169,b1c23,test
32,40169,b1c24,train
32,40169,b1c25,train
32,40169,b1c26,train
32,40169,b1c27,train
32,40169,b1c28,test
32,40169,b1c29,test
32,40169,b1c3,test
32,40169,b1c30,test
32,40169,b1c31,test
32,40169,b1c32,test
32,40169,b1c33,test
32,40169,b1c34,train
32,40169,b1c35,train
32,40169,b1c36,train
32,40169,b1c37,train
32,40169,b1c38,train
32,40169,b1c39,train
32,40169,b1c4,test
32,40169,b1c40,test
32,40169,b1c41,test
32,40169,b1c42,test
32,40169,b1c43,test
32,40169,b1c44,train
32,40169,b1c45,train
32,40169,b1c5,train
32,40169,b1c6,test
32,40169,b1c7,test
32,40169,b1c9,test
32,40169,b2c0,train
32,40169,b2c10,test
32,40169,b2c11,train
32,40169,b2c12,test
32,40169,b2c13,train
32,40169,b2c14,test
32,40169,b2c17,train
32,40169,b2c18,test
32,40169,b2c19,train
32,40169,b2c2,train
32,40169,b2c20,test
32,40169,b2c21,train
32,40169,b2c22,test
32,40169,b2c23,train
32,40169,b2c24,test
32,40169,b2c25,test
32,40169,b2c26,test
32,40169,b2c27,train
32,40169,b2c28,test
32,40169,b2c29,train
32,40169,b2c3,test
32,40169,b2c30,test
32,40169,b2c31,train
32,40169,b2c32,test
32,40169,b2c33,train
32,40169,b2c34,test
32,40169,b2c35,train
32,40169,b2c36,test
32,40169,b2c37,train
32,40169,b2c38,test
32,40169,b2c39,train
32,40169,b2c4,train
32,40169,b2c40,test
32,40169,b2c41,train
32,40169,b2c42,train
32,40169,b2c43,train
32,40169,b2c44,test
32,40169,b2c45,train
32,40169,b2c46,test
32,40169,b2c47,test
32,40169,b2c5,test
32,40169,b2c6,train
33,31601,b1c0,test
33,31601,b1c1,test
33,31601,b1c11,test
33,31601,b1c14,train
33,31601,b1c15,train
33,31601,b1c16,test
33,31601,b1c17,test
33,31601,b1c18,test
33,31601,b1c19,test
33,31601,b1c2,test
33,31601,b1c20,train
33,31601,b1c21,train
33,31601,b1c23,test
33,31601,b1c24,test
33,31601,b1c25,test
33,31601,b1c26,train
33,31601,b1c27,train
33,31601,b1c28,train
33,31601,b1c29,train
33,31601,b1c3,train
33,31601,b1c30,test
33,31601,b1c31,test
33,31601,b1c32,test
33,31601,b1c33,test
33,31601,b1c34,train
33,31601,b1c35,train
33,31601,b1c36,train
33,31601,b1c37,train
33,31601,b1c38,train
33,31601,b1c39,train
33,31601,b1c4,train
33,31601,b1c40,test
33,31601,b1c41,test
33,31601,b1c42,train
33,31601,b1c43,train
33,31601,b1c44,train
33,31601,b1c45,train
33,31601,b1c5,train
33,31601,b1c6,test
33,31601,b1c7,test
33,31601,b1c9,test
33,31601,b2c0,train
33,31601,b2c10,test
33,31601,b2c11,train
33,31601,b2c12,test
33,31601,b2c13,train
33,31601,b2c14,test
33,31601,b2c17,train
33,31601,b2c18,test
33,31601,b2c19,train
33,31601,b2c2,train
33,31601,b2c20,test
33,31601,b2c21,train
33,31601,b2c22,test
33,31601,b2c23,train
33,31601,b2c24,test
33,31601,b2c25,test
33,31601,b2c26,test
33,31601,b2c27,train
33,31601,b2c28,test
33,31601,b2c29,train
33,31601,b2c3,test
33,31601,b2c30,test
33,31601,b2c31,train
33,31601,b2c32,test
33,31601,b2c33,train
33,31601,b2c34,test
33,31601,b2c35,train
33,31601,b2c36,test
33,31601,b2c37,train
33,31601,b2c38,test
33,31601,b2c39,train
33,31601,b2c4,train
33,31601,b2c40,test
33,31601,b2c41,train
33,31601,b2c42,test
33,31601,b2c43,train
33,31601,b2c44,test
33,31601,b2c45,train
33,31601,b2c46,test
33,31601,b2c47,test
33,31601,b2c5,test
33,31601,b2c6,train
34,122393,b1c0,test
34,122393,b1c1,test
34,122393,b1c11,train
34,122393,b1c14,train
34,122393,b1c15,train
34,122393,b1c16,train
34,122393,b1c17,train
34,122393,b1c18,test
34,122393,b1c19,test
34,122393,b1c2,test
34,122393,b1c20,test
34,122393,b1c21,test
34,122393,b1c23,test
34,122393,b1c24,train
34,122393,b1c25,train
34,122393,b1c26,train
34,122393,b1c27,train
34,122393,b1c28,train
34,122393,b1c29,train
34,122393,b1c3,test
34,122393,b1c30,train
34,122393,b1c31,train
34,122393,b1c32,test
34,122393,b1c33,test
34,122393,b1c34,train
34,122393,b1c35,train
34,122393,b1c36,test
34,122393,b1c37,test
34,122393,b1c38,test
34,122393,b1c39,test
34,122393,b1c4,test
34,122393,b1c40,test
34,122393,b1c41,test
34,122393,b1c42,train
34,122393,b1c43,train
34,122393,b1c44,train
34,122393,b1c45,train
34,122393,b1c5,train
34,122393,b1c6,test
34,122393,b1c7,test
34,122393,b1c9,test
34,122393,b2c0,train
34,122393,b2c10,test
34,122393,b2c11,train
34,122393,b2c12,test
34,122393,b2c13,train
34,122393,b2c14,test
34,122393,b2c17,train
34,122393,b2c18,test
34,122393,b2c19,train
34,122393,b2c2,train
34,122393,b2c20,test
34,122393,b2c21,train
34,122393,b2c22,test
34,122393,b2c23,train
34,122393,b2c24,test
34,122393,b2c25,test
34,122393,b2c26,test
34,122393,b2c27,train
34,122393,b2c28,test
34,122393,b2c29,train
34,122393,b2c3,test
34,122393,b2c30,test
34,122393,b2c31,train
34,122393,b2c32,test
34,122393,b2c33,train
34,122393,b2c34,test
34,122393,b2c35,train
34,122393,b2c36,test
34,122393,b2c37,train
34,122393,b2c38,test
34,122393,b2c39,train
34,122393,b2c4,train
34,122393,b2c40,test
34,122393,b2c41,train
34,122393,b2c42,test
34,122393,b2c43,train
34,122393,b2c44,test
34,122393,b2c45,train
34,122393,b2c46,train
34,122393,b2c47,test
34,122393,b2c5,test
34,122393,b2c6,train
35,75757,b1c0,test
35,75757,b1c1,test
35,75757,b1c11,train
35,75757,b1c14,test
35,75757,b1c15,test
35,75757,b1c16,train
35,75757,b1c17,train
35,75757,b1c18,train
35,75757,b1c19,train
35,75757,b1c2,test
35,75757,b1c20,test
35,75757,b1c21,test
35,75757,b1c23,test
35,75757,b1c24,test
35,75757,b1c25,test
35,75757,b1c26,train
35,75757,b1c27,train
35,75757,b1c28,train
35,75757,b1c29,train
35,75757,b1c3,train
35,75757,b1c30,train
35,75757,b1c31,train
35,75757,b1c32,test
35,75757,b1c33,test
35,75757,b1c34,test
35,75757,b1c35,test
35,75757,b1c36,train
35,75757,b1c37,train
35,75757,b1c38,test
35,75757,b1c39,test
35,75757,b1c4,train
35,75757,b1c40,train
35,75757,b1c41,train
35,75757,b1c42,train
35,75757,b1c43,train
35,75757,b1c44,test
35,75757,b1c45,test
35,75757,b1c5,train
35,75757,b1c6,test
35,75757,b1c7,test
35,75757,b1c9,test
35,75757,b2c0,train
35,75757,b2c10,test
35,75757,b2c11,train
35,75757,b2c12,test
35,75757,b2c13,train
35,75757,b2c14,test
35,75757,b2c17,train
35,75757,b2c18,test
35,75757,b2c19,train
35,75757,b2c2,train
35,75757,b2c20,test
35,75757,b2c21,train
35,75757,b2c22,test
35,75757,b2c23,train
35,75757,b2c24,test
35,75757,b2c25,test
35,75757,b2c26,test
35,75757,b2c27,train
35,75757,b2c28,test
35,75757,b2c29,train
35,75757,b2c3,test
35,75757,b2c30,test
35,75757,b2c31,train
35,75757,b2c32,test
35,75757,b2c33,train
35,75757,b2c34,train
35,75757,b2c35,train
35,75757,b2c36,test
35,75757,b2c37,train
35,75757,b2c38,test
35,75757,b2c39,train
35,75757,b2c4,train
35,75757,b2c40,test
35,75757,b2c41,train
35,75757,b2c42,test
35,75757,b2c43,train
35,75757,b2c44,test
35,75757,b2c45,train
35,75757,b2c46,test
35,75757,b2c47,test
35,75757,b2c5,test
35,75757,b2c6,train
36,70945,b1c0,test
36,70945,b1c1,test
36,70945,b1c11,train
36,70945,b1c14,train
36,70945,b1c15,train
36,70945,b1c16,test
36,70945,b1c17,test
36,70945,b1c18,test
36,70945,b1c19,test
36,70945,b1c2,test
36,70945,b1c20,test
36,70945,b1c21,test
36,70945,b1c23,train
36,70945,b1c24,train
36,70945,b1c25,train
36,70945,b1c26,train
36,70945,b1c27,train
36,70945,b1c28,train
36,70945,b1c29,train
36,70945,b1c3,train
36,70945,b1c30,train
36,70945,b1c31,train
36,70945,b1c32,test
36,70945,b1c33,test
36,70945,b1c34,train
36,70945,b1c35,train
36,70945,b1c36,train
36,70945,b1c37,train
36,70945,b1c38,test
36,70945,b1c39,test
36,70945,b1c4,train
36,70945,b1c40,test
36,70945,b1c41,test
36,70945,b1c42,train
36,70945,b1c43,train
36,70945,b1c44,test
36,70945,b1c45,test
36,70945,b1c5,train
36,70945,b1c6,test
36,70945,b1c7,test
36,70945,b1c9,test
36,70945,b2c0,train
36,70945,b2c10,test
36,70945,b2c11,train
36,70945,b2c12,test
36,70945,b2c13,train
36,70945,b2c14,test
36,70945,b2c17,train
36,70945,b2c18,test
36,70945,b2c19,train
36,70945,b2c2,train
36,70945,b2c20,test
36,70945,b2c21,train
36,70945,b2c22,test
36,70945,b2c23,train
36,70945,b2c24,test
36,70945,b2c25,test
36,70945,b2c26,test
36,70945,b2c27,train
36,70945,b2c28,test
36,70945,b2c29,train
36,70945,b2c3,test
36,70945,b2c30,test
36,70945,b2c31,train
36,70945,b2c32,test
36,70945,b2c33,train
36,70945,b2c34,test
36,70945,b2c35,train
36,70945,b2c36,test
36,70945,b2c37,train
36,70945,b2c38,test
36,70945,b2c39,train
36,70945,b2c4,train
36,70945,b2c40,test
36,70945,b2c41,train
36,70945,b2c42,test
36,70945,b2c43,train
36,70945,b2c44,test
36,70945,b2c45,train
36,70945,b2c46,test
36,70945,b2c47,test
36,70945,b2c5,test
36,70945,b2c6,train
37,7021,b1c0,test
37,7021,b1c1,test
37,7021,b1c11,train
37,7021,b1c14,train
37,7021,b1c15,train
37,7021,b1c16,train
37,7021,b1c17,train
37,7021,b1c18,test
37,7021,b1c19,test
37,7021,b1c2,test
37,7021,b1c20,test
37,7021,b1c21,test
37,7021,b1c23,test
37,7021,b1c24,test
37,7021,b1c25,test
37,7021,b1c26,train
37,7021,b1c27,train
37,7021,b1c28,test
37,7021,b1c29,test
37,7021,b1c3,test
37,7021,b1c30,test
37,7021,b1c31,test
37,7021,b1c32,test
37,7021,b1c33,test
37,7021,b1c34,train
37,7021,b1c35,train
37,7021,b1c36,train
37,7021,b1c37,train
37,7021,b1c38,train
37,7021,b1c39,train
37,7021,b1c4,test
37,7021,b1c40,train
37,7021,b1c41,train
37,7021,b1c42,train
37,7021,b1c43,train
37,7021,b1c44,train
37,7021,b1c45,train
37,7021,b1c5,train
37,7021,b1c6,test
37,7021,b1c7,test
37,7021,b1c9,test
37,7021,b2c0,train
37,7021,b2c10,test
37,7021,b2c11,train
37,7021,b2c12,test
37,7021,b2c13,train
37,7021,b2c14,test
37,7021,b2c17,train
37,7021,b2c18,test
37,7021,b2c19,train
37,7021,b2c2,train
37,7021,b2c20,test
37,7021,b2c21,train
37,7021,b2c22,test
37,7021,b2c23,train
37,7021,b2c24,test
37,7021,b2c25,test
37,7021,b2c26,test
37,7021,b2c27,train
37,7021,b2c28,test
37,7021,b2c29,train
37,7021,b2c3,test
37,7021,b2c30,test
37,7021,b2c31,train
37,7021,b2c32,test
37,7021,b2c33,train
37,7021,b2c34,test
37,7021,b2c35,train
37,7021,b2c36,test
37,7021,b2c37,train
37,7021,b2c38,test
37,7021,b2c39,train
37,7021,b2c4,train
37,7021,b2c40,train
37,7021,b2c41,train
37,7021,b2c42,test
37,7021,b2c43,train
37,7021,b2c44,test
37,7021,b2c45,train
37,7021,b2c46,test
37,7021,b2c47,test
37,7021,b2c5,test
37,7021,b2c6,train
38,11020,b1c0,test
38,11020,b1c1,test
38,11020,b1c11,train
38,11020,b1c14,train
38,11020,b1c15,train
38,11020,b1c16,test
38,11020,b1c17,test
38,11020,b1c18,test
38,11020,b1c19,test
38,11020,b1c2,test
38,11020,b1c20,train
38,11020,b1c21,train
38,11020,b1c23,test
38,11020,b1c24,train
38,11020,b1c25,train
38,11020,b1c26,train
38,11020,b1c27,train
38,11020,b1c28,test
38,11020,b1c29,test
38,11020,b1c3,train
38,11020,b1c30,train
38,11020,b1c31,train
38,11020,b1c32,test
38,11020,b1c33,test
38,11020,b1c34,test
38,11020,b1c35,test
38,11020,b1c36,train
38,11020,b1c37,train
38,11020,b1c38,test
38,11020,b1c39,test
38,11020,b1c4,train
38,11020,b1c40,test
38,11020,b1c41,test
38,11020,b1c42,train
38,11020,b1c43,train
38,11020,b1c44,train
38,11020,b1c45,train
38,11020,b1c5,train
38,11020,b1c6,test
38,11020,b1c7,test
38,11020,b1c9,test
38,11020,b2c0,train
38,11020,b2c10,test
38,11020,b2c11,train
38,11020,b2c12,test
38,11020,b2c13,train
38,11020,b2c14,test
38,11020,b2c17,train
38,11020,b2c18,test
38,11020,b2c19,train
38,11020,b2c2,train
38,11020,b2c20,test
38,11020,b2c21,train
38,11020,b2c22,test
38,11020,b2c23,train
38,11020,b2c24,test
38,11020,b2c25,test
38,11020,b2c26,test
38,11020,b2c27,train
38,11020,b2c28,test
38,11020,b2c29,train
38,11020,b2c3,test
38,11020,b2c30,test
38,11020,b2c31,train
38,11020,b2c32,test
38,11020,b2c33,train
38,11020,b2c34,test
38,11020,b2c35,train
38,11020,b2c36,test
38,11020,b2c37,train
38,11020,b2c38,test
38,11020,b2c39,train
38,11020,b2c4,train
38,11020,b2c40,test
38,11020,b2c41,train
38,11020,b2c42,train
38,11020,b2c43,train
38,11020,b2c44,test
38,11020,b2c45,train
38,11020,b2c46,test
38,11020,b2c47,test
38,11020,b2c5,test
38,11020,b2c6,train
39,151606,b1c0,test
39,151606,b1c1,test
39,151606,b1c11,train
39,151606,b1c14,test
39,151606,b1c15,test
39,151606,b1c16,train
39,151606,b1c17,train
39,151606,b1c18,train
39,151606,b1c19,train
39,151606,b1c2,test
39,151606,b1c20,test
39,151606,b1c21,test
39,151606,b1c23,test
39,151606,b1c24,train
39,151606,b1c25,train
39,151606,b1c26,test
39,151606,b1c27,test
39,151606,b1c28,train
39,151606,b1c29,train
39,151606,b1c3,train
39,151606,b1c30,train
39,151606,b1c31,train
39,151606,b1c32,test
39,151606,b1c33,test
39,151606,b1c34,test
39,151606,b1c35,test
39,151606,b1c36,test
39,151606,b1c37,test
39,151606,b1c38,test
39,151606,b1c39,test
39,151606,b1c4,train
39,151606,b1c40,train
39,151606,b1c41,train
39,151606,b1c42,train
39,151606,b1c43,train
39,151606,b1c44,train
39,151606,b1c45,train
39,151606,b1c5,train
39,151606,b1c6,test
39,151606,b1c7,test
39,151606,b1c9,test
39,151606,b2c0,train
39,151606,b2c10,test
39,151606,b2c11,train
39,151606,b2c12,test
39,151606,b2c13,train
39,151606,b2c14,test
39,151606,b2c17,train
39,151606,b2c18,test
39,151606,b2c19,train
39,151606,b2c2,train
39,151606,b2c20,test
39,151606,b2c21,train
39,151606,b2c22,test
39,151606,b2c23,train
39,151606,b2c24,test
39,151606,b2c25,test
39,151606,b2c26,test
39,151606,b2c27,train
39,151606,b2c28,test
39,151606,b2c29,train
39,151606,b2c3,test
39,151606,b2c30,test
39,151606,b2c31,train
39,151606,b2c32,test
39,151606,b2c33,train
39,151606,b2c34,test
39,151606,b2c35,train
39,151606,b2c36,test
39,151606,b2c37,train
39,151606,b2c38,test
39,151606,b2c39,train
39,151606,b2c4,train
39,151606,b2c40,test
39,151606,b2c41,train
39,151606,b2c42,test
39,151606,b2c43,train
39,151606,b2c44,test
39,151606,b2c45,train
39,151606,b2c46,test
39,151606,b2c47,test
39,151606,b2c5,train
39,151606,b2c6,train
40,96160,b1c0,test
40,96160,b1c1,test
40,96160,b1c11,train
40,96160,b1c14,train
40,96160,b1c15,train
40,96160,b1c16,test
40,96160,b1c17,test
40,96160,b1c18,train
40,96160,b1c19,train
40,96160,b1c2,test
40,96160,b1c20,train
40,96160,b1c21,train
40,96160,b1c23,test
40,96160,b1c24,train
40,96160,b1c25,train
40,96160,b1c26,test
40,96160,b1c27,test
40,96160,b1c28,test
40,96160,b1c29,test
40,96160,b1c3,train
40,96160,b1c30,train
40,96160,b1c31,train
40,96160,b1c32,test
40,96160,b1c33,test
40,96160,b1c34,test
40,96160,b1c35,test
40,96160,b1c36,train
40,96160,b1c37,train
40,96160,b1c38,test
40,96160,b1c39,test
40,96160,b1c4,train
40,96160,b1c40,train
40,96160,b1c41,train
40,96160,b1c42,train
40,96160,b1c43,train
40,96160,b1c44,test
40,96160,b1c45,test
40,96160,b1c5,train
40,96160,b1c6,test
40,96160,b1c7,test
40,96160,b1c9,test
40,96160,b2c0,train
40,96160,b2c10,test
40,96160,b2c11,train
40,96160,b2c12,test
40,96160,b2c13,train
40,96160,b2c14,test
40,96160,b2c17,train
40,96160,b2c18,test
40,96160,b2c19,train
40,96160,b2c2,train
40,96160,b2c20,train
40,96160,b2c21,train
40,96160,b2c22,test
40,96160,b2c23,train
40,96160,b2c24,test
40,96160,b2c25,test
40,96160,b2c26,test
40,96160,b2c27,train
40,96160,b2c28,test
40,96160,b2c29,train
40,96160,b2c3,test
40,96160,b2c30,test
40,96160,b2c31,train
40,96160,b2c32,test
40,96160,b2c33,train
40,96160,b2c34,test
40,96160,b2c35,train
40,96160,b2c36,test
40,96160,b2c37,train
40,96160,b2c38,test
40,96160,b2c39,train
40,96160,b2c4,train
40,96160,b2c40,test
40,96160,b2c41,train
40,96160,b2c42,test
40,96160,b2c43,train
40,96160,b2c44,test
40,96160,b2c45,train
40,96160,b2c46,test
40,96160,b2c47,test
40,96160,b2c5,test
40,96160,b2c6,train
41,72778,b1c0,test
41,72778,b1c1,test
41,72778,b1c11,train
41,72778,b1c14,train
41,72778,b1c15,train
41,72778,b1c16,train
41,72778,b1c17,train
41,72778,b1c18,test
41,72778,b1c19,test
41,72778,b1c2,test
41,72778,b1c20,train
41,72778,b1c21,train
41,72778,b1c23,test
41,72778,b1c24,test
41,72778,b1c25,test
41,72778,b1c26,train
41,72778,b1c27,train
41,72778,b1c28,test
41,72778,b1c29,test
41,72778,b1c3,train
41,72778,b1c30,train
41,72778,b1c31,train
41,72778,b1c32,test
41,72778,b1c33,test
41,72778,b1c34,test
41,72778,b1c35,test
41,72778,b1c36,train
41,72778,b1c37,train
41,72778,b1c38,train
41,72778,b1c39,train
41,72778,b1c4,train
41,72778,b1c40,test
41,72778,b1c41,test
41,72778,b1c42,train
41,72778,b1c43,train
41,72778,b1c44,test
41,72778,b1c45,test
41,72778,b1c5,train
41,72778,b1c6,test
41,72778,b1c7,test
41,72778,b1c9,test
41,72778,b2c0,train
41,72778,b2c10,test
41,72778,b2c11,train
41,72778,b2c12,test
41,72778,b2c13,train
41,72778,b2c14,test
41,72778,b2c17,train
41,72778,b2c18,test
41,72778,b2c19,train
41,72778,b2c2,train
41,72778,b2c20,test
41,72778,b2c21,train
41,72778,b2c22,test
41,72778,b2c23,train
41,72778,b2c24,test
41,72778,b2c25,test
41,72778,b2c26,test
41,72778,b2c27,train
41,72778,b2c28,test
41,72778,b2c29,train
41,72778,b2c3,test
41,72778,b2c30,test
41,72778,b2c31,train
41,72778,b2c32,train
41,72778,b2c33,train
41,72778,b2c34,test
41,72778,b2c35,train
41,72778,b2c36,test
41,72778,b2c37,train
41,72778,b2c38,test
41,72778,b2c39,train
41,72778,b2c4,train
41,72778,b2c40,test
41,72778,b2c41,train
41,72778,b2c42,test
41,72778,b2c43,train
41,72778,b2c44,test
41,72778,b2c45,train
41,72778,b2c46,test
41,72778,b2c47,test
41,72778,b2c5,test
41,72778,b2c6,train
42,89693,b1c0,test
42,89693,b1c1,test
42,89693,b1c11,train
42,89693,b1c14,test
42,89693,b1c15,test
42,89693,b1c16,train
42,89693,b1c17,train
42,89693,b1c18,train
42,89693,b1c19,train
42,89693,b1c2,test
42,89693,b1c20,test
42,89693,b1c21,test
42,89693,b1c23,test
42,89693,b1c24,test
42,89693,b1c25,test
42,89693,b1c26,train
42,89693,b1c27,train
42,89693,b1c28,train
42,89693,b1c29,train
42,89693,b1c3,train
42,89693,b1c30,test
42,89693,b1c31,test
42,89693,b1c32,test
42,89693,b1c33,test
42,89693,b1c34,train
42,89693,b1c35,train
42,89693,b1c36,train
42,89693,b1c37,train
42,89693,b1c38,train
42,89693,b1c39,train
42,89693,b1c4,train
42,89693,b1c40,train
42,89693,b1c41,train
42,89693,b1c42,train
42,89693,b1c43,train
42,89693,b1c44,test
42,89693,b1c45,test
42,89693,b1c5,train
42,89693,b1c6,test
42,89693,b1c7,test
42,89693,b1c9,test
42,89693,b2c0,train
42,89693,b2c10,test
42,89693,b2c11,train
42,89693,b2c12,test
42,89693,b2c13,train
42,89693,b2c14,test
42,89693,b2c17,train
42,89693,b2c18,test
42,89693,b2c19,train
42,89693,b2c2,train
42,89693,b2c20,test
42,89693,b2c21,test
42,89693,b2c22,test
42,89693,b2c23,train
42,89693,b2c24,test
42,89693,b2c25,test
42,89693,b2c26,test
42,89693,b2c27,train
42,89693,b2c28,test
42,89693,b2c29,train
42,89693,b2c3,test
42,89693,b2c30,test
42,89693,b2c31,train
42,89693,b2c32,test
42,89693,b2c33,train
42,89693,b2c34,test
42,89693,b2c35,train
42,89693,b2c36,test
42,89693,b2c37,train
42,89693,b2c38,test
42,89693,b2c39,train
42,89693,b2c4,train
42,89693,b2c40,test
42,89693,b2c41,train
42,89693,b2c42,test
42,89693,b2c43,train
42,89693,b2c44,test
42,89693,b2c45,train
42,89693,b2c46,test
42,89693,b2c47,test
42,89693,b2c5,test
42,89693,b2c6,train
43,115598,b1c0,train
43,115598,b1c1,train
43,115598,b1c11,train
43,115598,b1c14,train
43,115598,b1c15,train
43,115598,b1c16,train
43,115598,b1c17,train
43,115598,b1c18,train
43,115598,b1c19,train
43,115598,b1c2,train
43,115598,b1c20,test
43,115598,b1c21,test
43,115598,b1c23,test
43,115598,b1c24,test
43,115598,b1c25,test
43,115598,b1c26,test
43,115598,b1c27,test
43,115598,b1c28,train
43,115598,b1c29,train
43,115598,b1c3,train
43,115598,b1c30,test
43,115598,b1c31,test
43,115598,b1c32,test
43,115598,b1c33,test
43,115598,b1c34,test
43,115598,b1c35,test
43,115598,b1c36,test
43,115598,b1c37,test
43,115598,b1c38,train
43,115598,b1c39,train
43,115598,b1c4,train
43,115598,b1c40,train
43,115598,b1c41,train
43,115598,b1c42,test
43,115598,b1c43,test
43,115598,b1c44,train
43,115598,b1c45,train
43,115598,b1c5,train
43,115598,b1c6,test
43,115598,b1c7,test
43,115598,b1c9,test
43,115598,b2c0,train
43,115598,b2c10,test
43,115598,b2c11,train
43,115598,b2c12,test
43,115598,b2c13,train
43,115598,b2c14,test
43,115598,b2c17,train
43,115598,b2c18,test
43,115598,b2c19,train
43,115598,b2c2,train
43,115598,b2c20,test
43,115598,b2c21,train
43,115598,b2c22,test
43,115598,b2c23,train
43,115598,b2c24,test
43,115598,b2c25,test
43,115598,b2c26,test
43,115598,b2c27,train
43,115598,b2c28,test
43,115598,b2c29,train
43,115598,b2c3,test
43,115598,b2c30,test
43,115598,b2c31,train
43,115598,b2c32,test
43,115598,b2c33,train
43,115598,b2c34,test
43,115598,b2c35,train
43,115598,b2c36,test
43,115598,b2c37,train
43,115598,b2c38,test
43,115598,b2c39,train
43,115598,b2c4,train
43,115598,b2c40,test
43,115598,b2c41,train
43,115598,b2c42,test
43,115598,b2c43,train
43,115598,b2c44,test
43,115598,b2c45,train
43,115598,b2c46,test
43,115598,b2c47,test
43,115598,b2c5,test
43,115598,b2c6,train
44,79481,b1c0,test
44,79481,b1c1,test
44,79481,b1c11,train
44,79481,b1c14,train
44,79481,b1c15,train
44,79481,b1c16,train
44,79481,b1c17,train
44,79481,b1c18,train
44,79481,b1c19,train
44,79481,b1c2,test
44,79481,b1c20,train
44,79481,b1c21,train
44,79481,b1c23,test
44,79481,b1c24,test
44,79481,b1c25,test
44,79481,b1c26,train
44,79481,b1c27,train
44,79481,b1c28,test
44,79481,b1c29,test
44,79481,b1c3,train
44,79481,b1c30,train
44,79481,b1c31,train
44,79481,b1c32,test
44,79481,b1c33,test
44,79481,b1c34,test
44,79481,b1c35,test
44,79481,b1c36,train
44,79481,b1c37,train
44,79481,b1c38,test
44,79481,b1c39,test
44,79481,b1c4,train
44,79481,b1c40,train
44,79481,b1c41,train
44,79481,b1c42,test
44,79481,b1c43,test
44,79481,b1c44,test
44,79481,b1c45,test
44,79481,b1c5,train
44,79481,b1c6,test
44,79481,b1c7,test
44,79481,b1c9,test
44,79481,b2c0,train
44,79481,b2c10,test
44,79481,b2c11,train
44,79481,b2c12,test
44,79481,b2c13,train
44,79481,b2c14,test
44,79481,b2c17,train
44,79481,b2c18,test
44,79481,b2c19,train
44,79481,b2c2,train
44,79481,b2c20,test
44,79481,b2c21,train
44,79481,b2c22,test
44,79481,b2c23,train
44,79481,b2c24,test
44,79481,b2c25,test
44,79481,b2c26,test
44,79481,b2c27,train
44,79481,b2c28,test
44,79481,b2c29,train
44,79481,b2c3,train
44,79481,b2c30,test
44,79481,b2c31,train
44,79481,b2c32,test
44,79481,b2c33,train
44,79481,b2c34,test
44,79481,b2c35,train
44,79481,b2c36,test
44,79481,b2c37,train
44,79481,b2c38,test
44,79481,b2c39,train
44,79481,b2c4,train
44,79481,b2c40,test
44,79481,b2c41,train
44,79481,b2c42,test
44,79481,b2c43,train
44,79481,b2c44,test
44,79481,b2c45,train
44,79481,b2c46,test
44,79481,b2c47,test
44,79481,b2c5,test
44,79481,b2c6,train
45,82026,b1c0,test
45,82026,b1c1,test
45,82026,b1c11,test
45,82026,b1c14,train
45,82026,b1c15,train
45,82026,b1c16,train
45,82026,b1c17,train
45,82026,b1c18,train
45,82026,b1c19,train
45,82026,b1c2,test
45,82026,b1c20,test
45,82026,b1c21,test
45,82026,b1c23,test
45,82026,b1c24,test
45,82026,b1c25,test
45,82026,b1c26,train
45,82026,b1c27,train
45,82026,b1c28,test
45,82026,b1c29,test
45,82026,b1c3,train
45,82026,b1c30,train
45,82026,b1c31,train
45,82026,b1c32,test
45,82026,b1c33,test
45,82026,b1c34,train
45,82026,b1c35,train
45,82026,b1c36,train
45,82026,b1c37,train
45,82026,b1c38,train
45,82026,b1c39,train
45,82026,b1c4,train
45,82026,b1c40,train
45,82026,b1c41,train
45,82026,b1c42,test
45,82026,b1c43,test
45,82026,b1c44,test
45,82026,b1c45,test
45,82026,b1c5,train
45,82026,b1c6,test
45,82026,b1c7,test
45,82026,b1c9,test
45,82026,b2c0,train
45,82026,b2c10,test
45,82026,b2c11,train
45,82026,b2c12,test
45,82026,b2c13,train
45,82026,b2c14,test
45,82026,b2c17,train
45,82026,b2c18,test
45,82026,b2c19,train
45,82026,b2c2,train
45,82026,b2c20,test
45,82026,b2c21,train
45,82026,b2c22,test
45,82026,b2c23,train
45,82026,b2c24,test
45,82026,b2c25,test
45,82026,b2c26,test
45,82026,b2c27,train
45,82026,b2c28,test
45,82026,b2c29,train
45,82026,b2c3,test
45,82026,b2c30,test
45,82026,b2c31,train
45,82026,b2c32,test
45,82026,b2c33,train
45,82026,b2c34,test
45,82026,b2c35,train
45,82026,b2c36,test
45,82026,b2c37,train
45,82026,b2c38,test
45,82026,b2c39,train
45,82026,b2c4,train
45,82026,b2c40,test
45,82026,b2c41,train
45,82026,b2c42,test
45,82026,b2c43,train
45,82026,b2c44,test
45,82026,b2c45,train
45,82026,b2c46,test
45,82026,b2c47,test
45,82026,b2c5,test
45,82026,b2c6,train
46,101917,b1c0,test
46,101917,b1c1,test
46,101917,b1c11,train
46,101917,b1c14,train
46,101917,b1c15,train
46,101917,b1c16,train
46,101917,b1c17,train
46,101917,b1c18,train
46,101917,b1c19,train
46,101917,b1c2,test
46,101917,b1c20,test
46,101917,b1c21,test
46,101917,b1c23,test
46,101917,b1c24,train
46,101917,b1c25,train
46,101917,b1c26,test
46,101917,b1c27,test
46,101917,b1c28,train
46,101917,b1c29,train
46,101917,b1c3,test
46,101917,b1c30,train
46,101917,b1c31,train
46,101917,b1c32,test
46,101917,b1c33,test
46,101917,b1c34,train
46,101917,b1c35,train
46,101917,b1c36,train
46,101917,b1c37,train
46,101917,b1c38,test
46,101917,b1c39,test
46,101917,b1c4,test
46,101917,b1c40,train
46,101917,b1c41,train
46,101917,b1c42,test
46,101917,b1c43,test
46,101917,b1c44,test
46,101917,b1c45,test
46,101917,b1c5,train
46,101917,b1c6,test
46,101917,b1c7,test
46,101917,b1c9,test
46,101917,b2c0,train
46,101917,b2c10,test
46,101917,b2c11,train
46,101917,b2c12,test
46,101917,b2c13,train
46,101917,b2c14,test
46,101917,b2c17,train
46,101917,b2c18,test
46,101917,b2c19,train
46,101917,b2c2,train
46,101917,b2c20,test
46,101917,b2c21,train
46,101917,b2c22,test
46,101917,b2c23,train
46,101917,b2c24,test
46,101917,b2c25,test
46,101917,b2c26,test
46,101917,b2c27,train
46,101917,b2c28,test
46,101917,b2c29,train
46,101917,b2c3,train
46,101917,b2c30,test
46,101917,b2c31,train
46,101917,b2c32,test
46,101917,b2c33,train
46,101917,b2c34,test
46,101917,b2c35,train
46,101917,b2c36,test
46,101917,b2c37,train
46,101917,b2c38,test
46,101917,b2c39,train
46,101917,b2c4,train
46,101917,b2c40,test
46,101917,b2c41,train
46,101917,b2c42,test
46,101917,b2c43,train
46,101917,b2c44,test
46,101917,b2c45,train
46,101917,b2c46,test
46,101917,b2c47,test
46,101917,b2c5,test
46,101917,b2c6,train
47,151154,b1c0,test
47,151154,b1c1,test
47,151154,b1c11,train
47,151154,b1c14,test
47,151154,b1c15,test
47,151154,b1c16,test
47,151154,b1c17,test
47,151154,b1c18,train
47,151154,b1c19,train
47,151154,b1c2,test
47,151154,b1c20,test
47,151154,b1c21,test
47,151154,b1c23,test
47,151154,b1c24,train
47,151154,b1c25,train
47,151154,b1c26,test
47,151154,b1c27,test
47,151154,b1c28,train
47,151154,b1c29,train
47,151154,b1c3,train
47,151154,b1c30,train
47,151154,b1c31,train
47,151154,b1c32,test
47,151154,b1c33,test
47,151154,b1c34,test
47,151154,b1c35,test
47,151154,b1c36,test
47,151154,b1c37,test
47,151154,b1c38,train
47,151154,b1c39,train
47,151154,b1c4,train
47,151154,b1c40,train
47,151154,b1c41,train
47,151154,b1c42,train
47,151154,b1c43,train
47,151154,b1c44,train
47,151154,b1c45,train
47,151154,b1c5,train
47,151154,b1c6,test
47,151154,b1c7,test
47,151154,b1c9,test
47,151154,b2c0,train
47,151154,b2c10,test
47,151154,b2c11,train
47,151154,b2c12,test
47,151154,b2c13,train
47,151154,b2c14,test
47,151154,b2c17,train
47,151154,b2c18,test
47,151154,b2c19,train
47,151154,b2c2,train
47,151154,b2c20,test
47,151154,b2c21,train
47,151154,b2c22,test
47,151154,b2c23,train
47,151154,b2c24,test
47,151154,b2c25,test
47,151154,b2c26,test
47,151154,b2c27,train
47,151154,b2c28,test
47,151154,b2c29,train
47,151154,b2c3,train
47,151154,b2c30,test
47,151154,b2c31,train
47,151154,b2c32,test
47,151154,b2c33,train
47,151154,b2c34,test
47,151154,b2c35,train
47,151154,b2c36,test
47,151154,b2c37,train
47,151154,b2c38,test
47,151154,b2c39,train
47,151154,b2c4,train
47,151154,b2c40,test
47,151154,b2c41,train
47,151154,b2c42,test
47,151154,b2c43,train
47,151154,b2c44,test
47,151154,b2c45,train
47,151154,b2c46,test
47,151154,b2c47,test
47,151154,b2c5,test
47,151154,b2c6,train
48,12217,b1c0,test
48,12217,b1c1,test
48,12217,b1c11,train
48,12217,b1c14,train
48,12217,b1c15,train
48,12217,b1c16,train
48,12217,b1c17,train
48,12217,b1c18,test
48,12217,b1c19,test
48,12217,b1c2,test
48,12217,b1c20,test
48,12217,b1c21,test
48,12217,b1c23,test
48,12217,b1c24,test
48,12217,b1c25,test
48,12217,b1c26,train
48,12217,b1c27,train
48,12217,b1c28,test
48,12217,b1c29,test
48,12217,b1c3,train
48,12217,b1c30,train
48,12217,b1c31,train
48,12217,b1c32,test
48,12217,b1c33,test
48,12217,b1c34,test
48,12217,b1c35,test
48,12217,b1c36,train
48,12217,b1c37,train
48,12217,b1c38,train
48,12217,b1c39,train
48,12217,b1c4,train
48,12217,b1c40,test
48,12217,b1c41,test
48,12217,b1c42,train
48,12217,b1c43,train
48,12217,b1c44,train
48,12217,b1c45,train
48,12217,b1c5,train
48,12217,b1c6,test
48,12217,b1c7,test
48,12217,b1c9,train
48,12217,b2c0,train
48,12217,b2c10,test
48,12217,b2c11,train
48,12217,b2c12,test
48,12217,b2c13,train
48,12217,b2c14,test
48,12217,b2c17,train
48,12217,b2c18,test
48,12217,b2c19,train
48,12217,b2c2,train
48,12217,b2c20,test
48,12217,b2c21,train
48,12217,b2c22,test
48,12217,b2c23,train
48,12217,b2c24,test
48,12217,b2c25,test
48,12217,b2c26,test
48,12217,b2c27,train
48,12217,b2c28,test
48,12217,b2c29,train
48,12217,b2c3,test
48,12217,b2c30,test
48,12217,b2c31,train
48,12217,b2c32,test
48,12217,b2c33,train
48,12217,b2c34,test
48,12217,b2c35,train
48,12217,b2c36,test
48,12217,b2c37,train
48,12217,b2c38,test
48,12217,b2c39,train
48,12217,b2c4,train
48,12217,b2c40,test
48,12217,b2c41,train
48,12217,b2c42,test
48,12217,b2c43,train
48,12217,b2c44,test
48,12217,b2c45,train
48,12217,b2c46,test
48,12217,b2c47,test
48,12217,b2c5,test
48,12217,b2c6,train
49,130534,b1c0,test
49,130534,b1c1,test
49,130534,b1c11,train
49,130534,b1c14,test
49,130534,b1c15,test
49,130534,b1c16,train
49,130534,b1c17,train
49,130534,b1c18,train
49,130534,b1c19,train
49,130534,b1c2,test
49,130534,b1c20,test
49,130534,b1c21,test
49,130534,b1c23,test
49,130534,b1c24,test
49,130534,b1c25,test
49,130534,b1c26,train
49,130534,b1c27,train
49,130534,b1c28,train
49,130534,b1c29,train
49,130534,b1c3,train
49,130534,b1c30,train
49,130534,b1c31,train
49,130534,b1c32,test
49,130534,b1c33,test
49,130534,b1c34,train
49,130534,b1c35,train
49,130534,b1c36,test
49,130534,b1c37,test
49,130534,b1c38,train
49,130534,b1c39,train
49,130534,b1c4,train
49,130534,b1c40,test
49,130534,b1c41,test
49,130534,b1c42,test
49,130534,b1c43,test
49,130534,b1c44,train
49,130534,b1c45,train
49,130534,b1c5,train
49,130534,b1c6,test
49,130534,b1c7,test
49,130534,b1c9,test
49,130534,b2c0,train
49,130534,b2c10,test
49,130534,b2c11,train
49,130534,b2c12,test
49,130534,b2c13,train
49,130534,b2c14,test
49,130534,b2c17,train
49,130534,b2c18,train
49,130534,b2c19,train
49,130534,b2c2,train
49,130534,b2c20,test
49,130534,b2c21,train
49,130534,b2c22,test
49,130534,b2c23,train
49,130534,b2c24,test
49,130534,b2c25,test
49,130534,b2c26,test
49,130534,b2c27,train
49,130534,b2c28,test
49,130534,b2c29,train
49,130534,b2c3,test
49,130534,b2c30,test
49,130534,b2c31,train
49,130534,b2c32,test
49,130534,b2c33,train
49,130534,b2c34,test
49,130534,b2c35,train
49,130534,b2c36,test
49,130534,b2c37,train
49,130534,b2c38,test
49,130534,b2c39,train
49,130534,b2c4,train
49,130534,b2c40,test
49,130534,b2c41,train
49,130534,b2c42,test
49,130534,b2c43,train
49,130534,b2c44,test
49,130534,b2c45,train
49,130534,b2c46,test
49,130534,b2c47,test
49,130534,b2c5,test
49,130534,b2c6,train
50,31955,b1c0,test
50,31955,b1c1,test
50,31955,b1c11,train
50,31955,b1c14,train
50,31955,b1c15,train
50,31955,b1c16,train
50,31955,b1c17,train
50,31955,b1c18,train
50,31955,b1c19,train
50,31955,b1c2,test
50,31955,b1c20,test
50,31955,b1c21,test
50,31955,b1c23,test
50,31955,b1c24,train
50,31955,b1c25,train
50,31955,b1c26,train
50,31955,b1c27,train
50,31955,b1c28,train
50,31955,b1c29,train
50,31955,b1c3,test
50,31955,b1c30,test
50,31955,b1c31,test
50,31955,b1c32,test
50,31955,b1c33,test
50,31955,b1c34,test
50,31955,b1c35,test
50,31955,b1c36,train
50,31955,b1c37,train
50,31955,b1c38,train
50,31955,b1c39,train
50,31955,b1c4,test
50,31955,b1c40,test
50,31955,b1c41,test
50,31955,b1c42,train
50,31955,b1c43,train
50,31955,b1c44,train
50,31955,b1c45,train
50,31955,b1c5,train
50,31955,b1c6,test
50,31955,b1c7,test
50,31955,b1c9,test
50,31955,b2c0,train
50,31955,b2c10,test
50,31955,b2c11,train
50,31955,b2c12,test
50,31955,b2c13,train
50,31955,b2c14,test
50,31955,b2c17,train
50,31955,b2c18,test
50,31955,b2c19,train
50,31955,b2c2,train
50,31955,b2c20,test
50,31955,b2c21,train
50,31955,b2c22,test
50,31955,b2c23,test
50,31955,b2c24,test
50,31955,b2c25,test
50,31955,b2c26,test
50,31955,b2c27,train
50,31955,b2c28,test
50,31955,b2c29,train
50,31955,b2c3,test
50,31955,b2c30,test
50,31955,b2c31,train
50,31955,b2c32,test
50,31955,b2c33,train
50,31955,b2c34,test
50,31955,b2c35,train
50,31955,b2c36,test
50,31955,b2c37,train
50,31955,b2c38,test
50,31955,b2c39,train
50,31955,b2c4,train
50,31955,b2c40,test
50,31955,b2c41,train
50,31955,b2c42,test
50,31955,b2c43,train
50,31955,b2c44,test
50,31955,b2c45,train
50,31955,b2c46,test
50,31955,b2c47,test
50,31955,b2c5,test
50,31955,b2c6,train
51,70674,b1c0,test
51,70674,b1c1,test
51,70674,b1c11,train
51,70674,b1c14,train
51,70674,b1c15,train
51,70674,b1c16,test
51,70674,b1c17,test
51,70674,b1c18,test
51,70674,b1c19,test
51,70674,b1c2,test
51,70674,b1c20,train
51,70674,b1c21,train
51,70674,b1c23,test
51,70674,b1c24,train
51,70674,b1c25,train
51,70674,b1c26,train
51,70674,b1c27,train
51,70674,b1c28,train
51,70674,b1c29,train
51,70674,b1c3,train
51,70674,b1c30,train
51,70674,b1c31,train
51,70674,b1c32,test
51,70674,b1c33,test
51,70674,b1c34,test
51,70674,b1c35,test
51,70674,b1c36,train
51,70674,b1c37,train
51,70674,b1c38,test
51,70674,b1c39,test
51,70674,b1c4,train
51,70674,b1c40,test
51,70674,b1c41,test
51,70674,b1c42,train
51,70674,b1c43,train
51,70674,b1c44,test
51,70674,b1c45,test
51,70674,b1c5,train
51,70674,b1c6,test
51,70674,b1c7,test
51,70674,b1c9,test
51,70674,b2c0,train
51,70674,b2c10,test
51,70674,b2c11,train
51,70674,b2c12,test
51,70674,b2c13,train
51,70674,b2c14,test
51,70674,b2c17,train
51,70674,b2c18,test
51,70674,b2c19,train
51,70674,b2c2,train
51,70674,b2c20,test
51,70674,b2c21,train
51,70674,b2c22,test
51,70674,b2c23,train
51,70674,b2c24,test
51,70674,b2c25,test
51,70674,b2c26,test
51,70674,b2c27,train
51,70674,b2c28,test
51,70674,b2c29,train
51,70674,b2c3,test
51,70674,b2c30,test
51,70674,b2c31,train
51,70674,b2c32,test
51,70674,b2c33,train
51,70674,b2c34,test
51,70674,b2c35,train
51,70674,b2c36,test
51,70674,b2c37,train
51,70674,b2c38,test
51,70674,b2c39,train
51,70674,b2c4,train
51,70674,b2c40,test
51,70674,b2c41,train
51,70674,b2c42,train
51,70674,b2c43,train
51,70674,b2c44,test
51,70674,b2c45,train
51,70674,b2c46,test
51,70674,b2c47,test
51,70674,b2c5,test
51,70674,b2c6,train
52,120985,b1c0,test
52,120985,b1c1,test
52,120985,b1c11,train
52,120985,b1c14,train
52,120985,b1c15,train
52,120985,b1c16,test
52,120985,b1c17,test
52,120985,b1c18,train
52,120985,b1c19,train
52,120985,b1c2,test
52,120985,b1c20,test
52,120985,b1c21,test
52,120985,b1c23,test
52,120985,b1c24,train
52,120985,b1c25,train
52,120985,b1c26,train
52,120985,b1c27,train
52,120985,b1c28,train
52,120985,b1c29,train
52,120985,b1c3,train
52,120985,b1c30,train
52,120985,b1c31,train
52,120985,b1c32,test
52,120985,b1c33,test
52,120985,b1c34,test
52,120985,b1c35,test
52,120985,b1c36,test
52,120985,b1c37,test
52,120985,b1c38,test
52,120985,b1c39,test
52,120985,b1c4,train
52,120985,b1c40,test
52,120985,b1c41,test
52,120985,b1c42,train
52,120985,b1c43,train
52,120985,b1c44,train
52,120985,b1c45,train
52,120985,b1c5,train
52,120985,b1c6,test
52,120985,b1c7,test
52,120985,b1c9,test
52,120985,b2c0,train
52,120985,b2c10,test
52,120985,b2c11,train
52,120985,b2c12,test
52,120985,b2c13,train
52,120985,b2c14,test
52,120985,b2c17,train
52,120985,b2c18,test
52,120985,b2c19,train
52,120985,b2c2,train
52,120985,b2c20,test
52,120985,b2c21,train
52,120985,b2c22,test
52,120985,b2c23,train
52,120985,b2c24,test
52,120985,b2c25,test
52,120985,b2c26,test
52,120985,b2c27,train
52,120985,b2c28,train
52,120985,b2c29,train
52,120985,b2c3,test
52,120985,b2c30,test
52,120985,b2c31,train
52,120985,b2c32,test
52,120985,b2c33,train
52,120985,b2c34,test
52,120985,b2c35,train
52,120985,b2c36,test
52,120985,b2c37,train
52,120985,b2c38,test
52,120985,b2c39,train
52,120985,b2c4,train
52,120985,b2c40,test
52,120985,b2c41,train
52,120985,b2c42,test
52,120985,b2c43,train
52,120985,b2c44,test
52,120985,b2c45,train
52,120985,b2c46,test
52,120985,b2c47,test
52,120985,b2c5,test
52,120985,b2c6,train
53,33619,b1c0,test
53,33619,b1c1,test
53,33619,b1c11,train
53,33619,b1c14,test
53,33619,b1c15,test
53,33619,b1c16,train
53,33619,b1c17,train
53,33619,b1c18,train
53,33619,b1c19,train
53,33619,b1c2,test
53,33619,b1c20,train
53,33619,b1c21,train
53,33619,b1c23,test
53,33619,b1c24,train
53,33619,b1c25,train
53,33619,b1c26,train
53,33619,b1c27,train
53,33619,b1c28,test
53,33619,b1c29,test
53,33619,b1c3,test
53,33619,b1c30,test
53,33619,b1c31,test
53,33619,b1c32,test
53,33619,b1c33,test
53,33619,b1c34,train
53,33619,b1c35,train
53,33619,b1c36,train
53,33619,b1c37,train
53,33619,b1c38,test
53,33619,b1c39,test
53,33619,b1c4,test
53,33619,b1c40,train
53,33619,b1c41,train
53,33619,b1c42,train
53,33619,b1c43,train
53,33619,b1c44,train
53,33619,b1c45,train
53,33619,b1c5,train
53,33619,b1c6,test
53,33619,b1c7,test
53,33619,b1c9,test
53,33619,b2c0,train
53,33619,b2c10,test
53,33619,b2c11,train
53,33619,b2c12,test
53,33619,b2c13,train
53,33619,b2c14,test
53,33619,b2c17,train
53,33619,b2c18,test
53,33619,b2c19,train
53,33619,b2c2,train
53,33619,b2c20,test
53,33619,b2c21,train
53,33619,b2c22,test
53,33619,b2c23,train
53,33619,b2c24,test
53,33619,b2c25,test
53,33619,b2c26,test
53,33619,b2c27,train
53,33619,b2c28,test
53,33619,b2c29,train
53,33619,b2c3,test
53,33619,b2c30,test
53,33619,b2c31,train
53,33619,b2c32,test
53,33619,b2c33,test
53,33619,b2c34,test
53,33619,b2c35,train
53,33619,b2c36,test
53,33619,b2c37,train
53,33619,b2c38,test
53,33619,b2c39,train
53,33619,b2c4,train
53,33619,b2c40,test
53,33619,b2c41,train
53,33619,b2c42,test
53,33619,b2c43,train
53,33619,b2c44,test
53,33619,b2c45,train
53,33619,b2c46,test
53,33619,b2c47,test
53,33619,b2c5,test
53,33619,b2c6,train
54,24780,b1c0,test
54,24780,b1c1,test
54,24780,b1c11,train
54,24780,b1c14,test
54,24780,b1c15,test
54,24780,b1c16,test
54,24780,b1c17,test
54,24780,b1c18,train
54,24780,b1c19,train
54,24780,b1c2,test
54,24780,b1c20,test
54,24780,b1c21,test
54,24780,b1c23,test
54,24780,b1c24,test
54,24780,b1c25,test
54,24780,b1c26,train
54,24780,b1c27,train
54,24780,b1c28,train
54,24780,b1c29,train
54,24780,b1c3,train
54,24780,b1c30,train
54,24780,b1c31,train
54,24780,b1c32,test
54,24780,b1c33,test
54,24780,b1c34,train
54,24780,b1c35,train
54,24780,b1c36,train
54,24780,b1c37,train
54,24780,b1c38,test
54,24780,b1c39,test
54,24780,b1c4,train
54,24780,b1c40,train
54,24780,b1c41,train
54,24780,b1c42,test
54,24780,b1c43,test
54,24780,b1c44,train
54,24780,b1c45,train
54,24780,b1c5,train
54,24780,b1c6,test
54,24780,b1c7,test
54,24780,b1c9,test
54,24780,b2c0,train
54,24780,b2c10,test
54,24780,b2c11,train
54,24780,b2c12,test
54,24780,b2c13,train
54,24780,b2c14,test
54,24780,b2c17,train
54,24780,b2c18,test
54,24780,b2c19,train
54,24780,b2c2,train
54,24780,b2c20,test
54,24780,b2c21,train
54,24780,b2c22,test
54,24780,b2c23,train
54,24780,b2c24,test
54,24780,b2c25,test
54,24780,b2c26,test
54,24780,b2c27,train
54,24780,b2c28,test
54,24780,b2c29,train
54,24780,b2c3,test
54,24780,b2c30,test
54,24780,b2c31,train
54,24780,b2c32,test
54,24780,b2c33,train
54,24780,b2c34,test
54,24780,b2c35,train
54,24780,b2c36,test
54,24780,b2c37,train
54,24780,b2c38,train
54,24780,b2c39,train
54,24780,b2c4,train
54,24780,b2c40,test
54,24780,b2c41,train
54,24780,b2c42,test
54,24780,b2c43,train
54,24780,b2c44,test
54,24780,b2c45,train
54,24780,b2c46,test
54,24780,b2c47,test
54,24780,b2c5,test
54,24780,b2c6,train
55,41273,b1c0,test
55,41273,b1c1,test
55,41273,b1c11,train
55,41273,b1c14,test
55,41273,b1c15,test
55,41273,b1c16,train
55,41273,b1c17,train
55,41273,b1c18,train
55,41273,b1c19,train
55,41273,b1c2,test
55,41273,b1c20,train
55,41273,b1c21,train
55,41273,b1c23,test
55,41273,b1c24,test
55,41273,b1c25,test
55,41273,b1c26,train
55,41273,b1c27,train
55,41273,b1c28,train
55,41273,b1c29,train
55,41273,b1c3,test
55,41273,b1c30,test
55,41273,b1c31,test
55,41273,b1c32,test
55,41273,b1c33,test
55,41273,b1c34,train
55,41273,b1c35,train
55,41273,b1c36,train
55,41273,b1c37,train
55,41273,b1c38,test
55,41273,b1c39,test
55,41273,b1c4,test
55,41273,b1c40,train
55,41273,b1c41,train
55,41273,b1c42,test
55,41273,b1c43,test
55,41273,b1c44,train
55,41273,b1c45,train
55,41273,b1c5,train
55,41273,b1c6,test
55,41273,b1c7,test
55,41273,b1c9,test
55,41273,b2c0,train
55,41273,b2c10,test
55,41273,b2c11,train
55,41273,b2c12,train
55,41273,b2c13,train
55,41273,b2c14,test
55,41273,b2c17,train
55,41273,b2c18,test
55,41273,b2c19,train
55,41273,b2c2,train
55,41273,b2c20,test
55,41273,b2c21,train
55,41273,b2c22,test
55,41273,b2c23,train
55,41273,b2c24,test
55,41273,b2c25,test
55,41273,b2c26,test
55,41273,b2c27,train
55,41273,b2c28,test
55,41273,b2c29,train
55,41273,b2c3,test
55,41273,b2c30,test
55,41273,b2c31,train
55,41273,b2c32,test
55,41273,b2c33,train
55,41273,b2c34,test
55,41273,b2c35,train
55,41273,b2c36,test
55,41273,b2c37,train
55,41273,b2c38,test
55,41273,b2c39,train
55,41273,b2c4,train
55,41273,b2c40,test
55,41273,b2c41,train
55,41273,b2c42,test
55,41273,b2c43,train
55,41273,b2c44,test
55,41273,b2c45,train
55,41273,b2c46,test
55,41273,b2c47,test
55,41273,b2c5,test
55,41273,b2c6,train
56,141395,b1c0,test
56,141395,b1c1,test
56,141395,b1c11,train
56,141395,b1c14,test
56,141395,b1c15,test
56,141395,b1c16,train
56,141395,b1c17,train
56,141395,b1c18,train
56,141395,b1c19,train
56,141395,b1c2,test
56,141395,b1c20,train
56,141395,b1c21,train
56,141395,b1c23,test
56,141395,b1c24,test
56,141395,b1c25,test
56,141395,b1c26,train
56,141395,b1c27,train
56,141395,b1c28,train
56,141395,b1c29,train
56,141395,b1c3,train
56,141395,b1c30,test
56,141395,b1c31,test
56,141395,b1c32,test
56,141395,b1c33,test
56,141395,b1c34,train
56,141395,b1c35,train
56,141395,b1c36,test
56,141395,b1c37,test
56,141395,b1c38,test
56,141395,b1c39,test
56,141395,b1c4,train
56,141395,b1c40,test
56,141395,b1c41,test
56,141395,b1c42,train
56,141395,b1c43,train
56,141395,b1c44,train
56,141395,b1c45,train
56,141395,b1c5,train
56,141395,b1c6,test
56,141395,b1c7,test
56,141395,b1c9,test
56,141395,b2c0,train
56,141395,b2c10,test
56,141395,b2c11,train
56,141395,b2c12,test
56,141395,b2c13,train
56,141395,b2c14,test
56,141395,b2c17,train
56,141395,b2c18,test
56,141395,b2c19,train
56,141395,b2c2,train
56,141395,b2c20,train
56,141395,b2c21,train
56,141395,b2c22,test
56,141395,b2c23,train
56,141395,b2c24,test
56,141395,b2c25,test
56,141395,b2c26,test
56,141395,b2c27,train
56,141395,b2c28,test
56,141395,b2c29,train
56,141395,b2c3,test
56,141395,b2c30,test
56,141395,b2c31,train
56,141395,b2c32,test
56,141395,b2c33,train
56,141395,b2c34,test
56,141395,b2c35,train
56,141395,b2c36,test
56,141395,b2c37,train
56,141395,b2c38,test
56,141395,b2c39,train
56,141395,b2c4,train
56,141395,b2c40,test
56,141395,b2c41,train
56,141395,b2c42,test
56,141395,b2c43,train
56,141395,b2c44,test
56,141395,b2c45,train
56,141395,b2c46,test
56,141395,b2c47,test
56,141395,b2c5,test
56,141395,b2c6,train
57,40930,b1c0,test
57,40930,b1c1,test
57,40930,b1c11,train
57,40930,b1c14,test
57,40930,b1c15,test
57,40930,b1c16,train
57,40930,b1c17,train
57,40930,b1c18,train
57,40930,b1c19,train
57,40930,b1c2,test
57,40930,b1c20,test
57,40930,b1c21,test
57,40930,b1c23,test
57,40930,b1c24,train
57,40930,b1c25,train
57,40930,b1c26,train
57,40930,b1c27,train
57,40930,b1c28,test
57,40930,b1c29,test
57,40930,b1c3,train
57,40930,b1c30,test
57,40930,b1c31,test
57,40930,b1c32,test
57,40930,b1c33,test
57,40930,b1c34,test
57,40930,b1c35,test
57,40930,b1c36,train
57,40930,b1c37,train
57,40930,b1c38,train
57,40930,b1c39,train
57,40930,b1c4,train
57,40930,b1c40,train
57,40930,b1c41,train
57,40930,b1c42,test
57,40930,b1c43,test
57,40930,b1c44,train
57,40930,b1c45,train
57,40930,b1c5,train
57,40930,b1c6,test
57,40930,b1c7,test
57,40930,b1c9,test
57,40930,b2c0,train
57,40930,b2c10,test
57,40930,b2c11,train
57,40930,b2c12,train
57,40930,b2c13,train
57,40930,b2c14,test
57,40930,b2c17,train
57,40930,b2c18,test
57,40930,b2c19,train
57,40930,b2c2,train
57,40930,b2c20,test
57,40930,b2c21,train
57,40930,b2c22,test
57,40930,b2c23,train
57,40930,b2c24,test
57,40930,b2c25,test
57,40930,b2c26,test
57,40930,b2c27,train
57,40930,b2c28,test
57,40930,b2c29,train
57,40930,b2c3,test
57,40930,b2c30,test
57,40930,b2c31,train
57,40930,b2c32,test
57,40930,b2c33,train
57,40930,b2c34,test
57,40930,b2c35,train
57,40930,b2c36,test
57,40930,b2c37,train
57,40930,b2c38,test
57,40930,b2c39,train
57,40930,b2c4,train
57,40930,b2c40,test
57,40930,b2c41,train
57,40930,b2c42,test
57,40930,b2c43,train
57,40930,b2c44,test
57,40930,b2c45,train
57,40930,b2c46,test
57,40930,b2c47,test
57,40930,b2c5,test
57,40930,b2c6,train
58,157622,b1c0,test
58,157622,b1c1,test
58,157622,b1c11,train
58,157622,b1c14,train
58,157622,b1c15,train
58,157622,b1c16,test
58,157622,b1c17,test
58,157622,b1c18,train
58,157622,b1c19,train
58,157622,b1c2,test
58,157622,b1c20,test
58,157622,b1c21,test
58,157622,b1c23,test
58,157622,b1c24,train
58,157622,b1c25,train
58,157622,b1c26,test
58,157622,b1c27,test
58,157622,b1c28,train
58,157622,b1c29,train
58,157622,b1c3,train
58,157622,b1c30,test
58,157622,b1c31,test
58,157622,b1c32,test
58,157622,b1c33,test
58,157622,b1c34,test
58,157622,b1c35,test
58,157622,b1c36,test
58,157622,b1c37,test
58,157622,b1c38,train
58,157622,b1c39,train
58,157622,b1c4,train
58,157622,b1c40,train
58,157622,b1c41,train
58,157622,b1c42,train
58,157622,b1c43,train
58,157622,b1c44,train
58,157622,b1c45,train
58,157622,b1c5,train
58,157622,b1c6,test
58,157622,b1c7,test
58,157622,b1c9,test
58,157622,b2c0,train
58,157622,b2c10,test
58,157622,b2c11,train
58,157622,b2c12,test
58,157622,b2c13,train
58,157622,b2c14,test
58,157622,b2c17,train
58,157622,b2c18,test
58,157622,b2c19,train
58,157622,b2c2,train
58,157622,b2c20,test
58,157622,b2c21,train
58,157622,b2c22,train
58,157622,b2c23,train
58,157622,b2c24,test
58,157622,b2c25,test
58,157622,b2c26,test
58,157622,b2c27,train
58,157622,b2c28,test
58,157622,b2c29,train
58,157622,b2c3,test
58,157622,b2c30,test
58,157622,b2c31,train
58,157622,b2c32,test
58,157622,b2c33,train
58,157622,b2c34,test
58,157622,b2c35,train
58,157622,b2c36,test
58,157622,b2c37,train
58,157622,b2c38,test
58,157622,b2c39,train
58,157622,b2c4,train
58,157622,b2c40,test
58,157622,b2c41,train
58,157622,b2c42,test
58,157622,b2c43,train
58,157622,b2c44,test
58,157622,b2c45,train
58,157622,b2c46,test
58,157622,b2c47,test
58,157622,b2c5,test
58,157622,b2c6,train
59,158482,b1c0,test
59,158482,b1c1,test
59,158482,b1c11,train
59,158482,b1c14,train
59,158482,b1c15,train
59,158482,b1c16,test
59,158482,b1c17,test
59,158482,b1c18,test
59,158482,b1c19,test
59,158482,b1c2,test
59,158482,b1c20,test
59,158482,b1c21,test
59,158482,b1c23,test
59,158482,b1c24,train
59,158482,b1c25,train
59,158482,b1c26,test
59,158482,b1c27,test
59,158482,b1c28,test
59,158482,b1c29,test
59,158482,b1c3,train
59,158482,b1c30,test
59,158482,b1c31,test
59,158482,b1c32,test
59,158482,b1c33,test
59,158482,b1c34,train
59,158482,b1c35,train
59,158482,b1c36,test
59,158482,b1c37,test
59,158482,b1c38,test
59,158482,b1c39,test
59,158482,b1c4,train
59,158482,b1c40,train
59,158482,b1c41,train
59,158482,b1c42,train
59,158482,b1c43,train
59,158482,b1c44,train
59,158482,b1c45,train
59,158482,b1c5,train
59,158482,b1c6,train
59,158482,b1c7,train
59,158482,b1c9,test
59,158482,b2c0,train
59,158482,b2c10,test
59,158482,b2c11,train
59,158482,b2c12,test
59,158482,b2c13,train
59,158482,b2c14,test
59,158482,b2c17,train
59,158482,b2c18,test
59,158482,b2c19,train
59,158482,b2c2,train
59,158482,b2c20,test
59,158482,b2c21,train
59,158482,b2c22,test
59,158482,b2c23,train
59,158482,b2c24,train
59,158482,b2c25,train
59,158482,b2c26,train
59,158482,b2c27,train
59,158482,b2c28,test
59,158482,b2c29,train
59,158482,b2c3,test
59,158482,b2c30,test
59,158482,b2c31,train
59,158482,b2c32,test
59,158482,b2c33,train
59,158482,b2c34,test
59,158482,b2c35,train
59,158482,b2c36,test
59,158482,b2c37,train
59,158482,b2c38,test
59,158482,b2c39,train
59,158482,b2c4,train
59,158482,b2c40,test
59,158482,b2c41,train
59,158482,b2c42,test
59,158482,b2c43,train
59,158482,b2c44,test
59,158482,b2c45,train
59,158482,b2c46,test
59,158482,b2c47,test
59,158482,b2c5,test
59,158482,b2c6,train
60,4879,b1c0,test
60,4879,b1c1,test
60,4879,b1c11,train
60,4879,b1c14,train
60,4879,b1c15,train
60,4879,b1c16,test
60,4879,b1c17,test
60,4879,b1c18,train
60,4879,b1c19,train
60,4879,b1c2,test
60,4879,b1c20,test
60,4879,b1c21,test
60,4879,b1c23,test
60,4879,b1c24,train
60,4879,b1c25,train
60,4879,b1c26,test
60,4879,b1c27,test
60,4879,b1c28,train
60,4879,b1c29,train
60,4879,b1c3,test
60,4879,b1c30,test
60,4879,b1c31,test
60,4879,b1c32,test
60,4879,b1c33,test
60,4879,b1c34,train
60,4879,b1c35,train
60,4879,b1c36,train
60,4879,b1c37,train
60,4879,b1c38,train
60,4879,b1c39,train
60,4879,b1c4,test
60,4879,b1c40,test
60,4879,b1c41,test
60,4879,b1c42,train
60,4879,b1c43,train
60,4879,b1c44,train
60,4879,b1c45,train
60,4879,b1c5,train
60,4879,b1c6,test
60,4879,b1c7,test
60,4879,b1c9,test
60,4879,b2c0,train
60,4879,b2c10,test
60,4879,b2c11,train
60,4879,b2c12,test
60,4879,b2c13,train
60,4879,b2c14,test
60,4879,b2c17,train
60,4879,b2c18,test
60,4879,b2c19,train
60,4879,b2c2,train
60,4879,b2c20,test
60,4879,b2c21,train
60,4879,b2c22,test
60,4879,b2c23,train
60,4879,b2c24,test
60,4879,b2c25,test
60,4879,b2c26,test
60,4879,b2c27,train
60,4879,b2c28,test
60,4879,b2c29,train
60,4879,b2c3,test
60,4879,b2c30,test
60,4879,b2c31,train
60,4879,b2c32,test
60,4879,b2c33,train
60,4879,b2c34,test
60,4879,b2c35,train
60,4879,b2c36,test
60,4879,b2c37,train
60,4879,b2c38,test
60,4879,b2c39,train
60,4879,b2c4,train
60,4879,b2c40,test
60,4879,b2c41,train
60,4879,b2c42,test
60,4879,b2c43,train
60,4879,b2c44,train
60,4879,b2c45,train
60,4879,b2c46,test
60,4879,b2c47,test
60,4879,b2c5,test
60,4879,b2c6,train
61,150999,b1c0,test
61,150999,b1c1,test
61,150999,b1c11,train
61,150999,b1c14,test
61,150999,b1c15,test
61,150999,b1c16,train
61,150999,b1c17,train
61,150999,b1c18,train
61,150999,b1c19,train
61,150999,b1c2,test
61,150999,b1c20,test
61,150999,b1c21,test
61,150999,b1c23,test
61,150999,b1c24,test
61,150999,b1c25,test
61,150999,b1c26,test
61,150999,b1c27,test
61,150999,b1c28,test
61,150999,b1c29,test
61,150999,b1c3,train
61,150999,b1c30,train
61,150999,b1c31,train
61,150999,b1c32,test
61,150999,b1c33,test
61,150999,b1c34,train
61,150999,b1c35,train
61,150999,b1c36,test
61,150999,b1c37,test
61,150999,b1c38,train
61,150999,b1c39,train
61,150999,b1c4,train
61,150999,b1c40,train
61,150999,b1c41,train
61,150999,b1c42,train
61,150999,b1c43,train
61,150999,b1c44,train
61,150999,b1c45,train
61,150999,b1c5,train
61,150999,b1c6,test
61,150999,b1c7,test
61,150999,b1c9,test
61,150999,b2c0,train
61,150999,b2c10,test
61,150999,b2c11,train
61,150999,b2c12,test
61,150999,b2c13,train
61,150999,b2c14,train
61,150999,b2c17,train
61,150999,b2c18,test
61,150999,b2c19,train
61,150999,b2c2,train
61,150999,b2c20,test
61,150999,b2c21,train
61,150999,b2c22,test
61,150999,b2c23,train
61,150999,b2c24,test
61,150999,b2c25,test
61,150999,b2c26,test
61,150999,b2c27,train
61,150999,b2c28,test
61,150999,b2c29,train
61,150999,b2c3,test
61,150999,b2c30,test
61,150999,b2c31,train
61,150999,b2c32,test
61,150999,b2c33,train
61,150999,b2c34,test
61,150999,b2c35,train
61,150999,b2c36,test
61,150999,b2c37,train
61,150999,b2c38,test
61,150999,b2c39,train
61,150999,b2c4,train
61,150999,b2c40,test
61,150999,b2c41,train
61,150999,b2c42,test
61,150999,b2c43,train
61,150999,b2c44,test
61,150999,b2c45,train
61,150999,b2c46,test
61,150999,b2c47,test
61,150999,b2c5,test
61,150999,b2c6,train
62,11770,b1c0,test
62,11770,b1c1,test
62,11770,b1c11,train
62,11770,b1c14,train
62,11770,b1c15,train
62,11770,b1c16,train
62,11770,b1c17,train
62,11770,b1c18,train
62,11770,b1c19,train
62,11770,b1c2,test
62,11770,b1c20,train
62,11770,b1c21,train
62,11770,b1c23,test
62,11770,b1c24,test
62,11770,b1c25,test
62,11770,b1c26,train
62,11770,b1c27,train
62,11770,b1c28,train
62,11770,b1c29,train
62,11770,b1c3,test
62,11770,b1c30,train
62,11770,b1c31,train
62,11770,b1c32,test
62,11770,b1c33,test
62,11770,b1c34,test
62,11770,b1c35,test
62,11770,b1c36,train
62,11770,b1c37,train
62,11770,b1c38,test
62,11770,b1c39,test
62,11770,b1c4,test
62,11770,b1c40,test
62,11770,b1c41,test
62,11770,b1c42,train
62,11770,b1c43,train
62,11770,b1c44,train
62,11770,b1c45,train
62,11770,b1c5,test
62,11770,b1c6,test
62,11770,b1c7,test
62,11770,b1c9,test
62,11770,b2c0,train
62,11770,b2c10,test
62,11770,b2c11,train
62,11770,b2c12,test
62,11770,b2c13,train
62,11770,b2c14,test
62,11770,b2c17,train
62,11770,b2c18,test
62,11770,b2c19,train
62,11770,b2c2,train
62,11770,b2c20,test
62,11770,b2c21,train
62,11770,b2c22,test
62,11770,b2c23,train
62,11770,b2c24,test
62,11770,b2c25,test
62,11770,b2c26,test
62,11770,b2c27,train
62,11770,b2c28,test
62,11770,b2c29,train
62,11770,b2c3,test
62,11770,b2c30,test
62,11770,b2c31,train
62,11770,b2c32,test
62,11770,b2c33,train
62,11770,b2c34,test
62,11770,b2c35,train
62,11770,b2c36,test
62,11770,b2c37,train
62,11770,b2c38,test
62,11770,b2c39,train
62,11770,b2c4,train
62,11770,b2c40,test
62,11770,b2c41,train
62,11770,b2c42,test
62,11770,b2c43,train
62,11770,b2c44,test
62,11770,b2c45,train
62,11770,b2c46,test
62,11770,b2c47,test
62,11770,b2c5,test
62,11770,b2c6,train
63,136111,b1c0,test
63,136111,b1c1,test
63,136111,b1c11,train
63,136111,b1c14,test
63,136111,b1c15,test
63,136111,b1c16,test
63,136111,b1c17,test
63,136111,b1c18,test
63,136111,b1c19,test
63,136111,b1c2,test
63,136111,b1c20,train
63,136111,b1c21,train
63,136111,b1c23,test
63,136111,b1c24,train
63,136111,b1c25,train
63,136111,b1c26,train
63,136111,b1c27,train
63,136111,b1c28,test
63,136111,b1c29,test
63,136111,b1c3,test
63,136111,b1c30,train
63,136111,b1c31,train
63,136111,b1c32,train
63,136111,b1c33,train
63,136111,b1c34,train
63,136111,b1c35,train
63,136111,b1c36,test
63,136111,b1c37,test
63,136111,b1c38,train
63,136111,b1c39,train
63,136111,b1c4,test
63,136111,b1c40,train
63,136111,b1c41,train
63,136111,b1c42,test
63,136111,b1c43,test
63,136111,b1c44,train
63,136111,b1c45,train
63,136111,b1c5,train
63,136111,b1c6,test
63,136111,b1c7,test
63,136111,b1c9,test
63,136111,b2c0,train
63,136111,b2c10,test
63,136111,b2c11,train
63,136111,b2c12,test
63,136111,b2c13,train
63,136111,b2c14,test
63,136111,b2c17,train
63,136111,b2c18,test
63,136111,b2c19,train
63,136111,b2c2,train
63,136111,b2c20,test
63,136111,b2c21,train
63,136111,b2c22,test
63,136111,b2c23,train
63,136111,b2c24,test
63,136111,b2c25,test
63,136111,b2c26,test
63,136111,b2c27,train
63,136111,b2c28,test
63,136111,b2c29,train
63,136111,b2c3,test
63,136111,b2c30,test
63,136111,b2c31,train
63,136111,b2c32,test
63,136111,b2c33,train
63,136111,b2c34,test
63,136111,b2c35,train
63,136111,b2c36,test
63,136111,b2c37,train
63,136111,b2c38,test
63,136111,b2c39,train
63,136111,b2c4,train
63,136111,b2c40,test
63,136111,b2c41,train
63,136111,b2c42,test
63,136111,b2c43,train
63,136111,b2c44,test
63,136111,b2c45,train
63,136111,b2c46,test
63,136111,b2c47,train
63,136111,b2c5,test
63,136111,b2c6,train
